{"0": {"dice_loss": 0.8218025152321453, "iou_score": 0.4748095419431823, "accuracy": 0.9372606629991345, "precision": 0.48056172399060526, "fscore": 0.5967780592260664, "recall": 0.9812555308471858}}