{"0": {"dice_loss": 0.07390682780465416, "iou_score": 0.8637817307960156, "accuracy": 0.99707293510437, "precision": 0.9188353710396345, "fscore": 0.9261722717174263, "recall": 0.936072876287061}, "1": {"dice_loss": 0.06282149775083676, "iou_score": 0.8824880178584609, "accuracy": 0.9974323580431385, "precision": 0.9351693599723105, "fscore": 0.93726422897605, "recall": 0.9399733557257541}, "2": {"dice_loss": 0.0695311094439307, "iou_score": 0.8708968841752341, "accuracy": 0.9972759499106296, "precision": 0.9286236194677131, "fscore": 0.9305497449497846, "recall": 0.9337642373040665}, "3": {"dice_loss": 0.0676578352617663, "iou_score": 0.8742218613624573, "accuracy": 0.9974237763604452, "precision": 0.9309033280195192, "fscore": 0.9324475720871327, "recall": 0.9352599243785059}, "4": {"dice_loss": 0.06472899747449298, "iou_score": 0.8791713645291883, "accuracy": 0.9974279015563254, "precision": 0.9378641275472419, "fscore": 0.9353570827217992, "recall": 0.9335728301558385}}