{"0": {"dice_loss": 0.6743469511952381, "iou_score": 0.423359730522561, "accuracy": 0.9529442959954303, "precision": 0.4621534853246577, "fscore": 0.5142458535966623, "recall": 0.9194351319441347}}