{"0": {"dice_loss": 0.2138943707518898, "iou_score": 0.7102989164467534, "accuracy": 0.9953207417203493, "precision": 0.8496574178175651, "fscore": 0.7855575041583438, "recall": 0.8267665965859319}, "1": {"dice_loss": 0.22473415225862062, "iou_score": 0.7004663402290927, "accuracy": 0.9954666754473809, "precision": 0.8194576496482716, "fscore": 0.7750487987994634, "recall": 0.8500039114252573}, "2": {"dice_loss": 0.21616193593255165, "iou_score": 0.7065858086377806, "accuracy": 0.9950814532197042, "precision": 0.8664784917982593, "fscore": 0.783547370123081, "recall": 0.8099818991542467}}