{"0": {"dice_loss": 0.10398700902628345, "iou_score": 0.8134755519933479, "accuracy": 0.9969970334407895, "precision": 0.9059950640035228, "fscore": 0.8961084415746289, "recall": 0.8878131494965665}, "1": {"dice_loss": 0.10547173716301142, "iou_score": 0.8176171949436499, "accuracy": 0.9971475240796113, "precision": 0.9035712175591046, "fscore": 0.8946276972460191, "recall": 0.8951984297397527}, "2": {"dice_loss": 0.08445205799368925, "iou_score": 0.8454601418140323, "accuracy": 0.9973414152167566, "precision": 0.9192069879797999, "fscore": 0.9156391620635986, "recall": 0.9137562374735987}, "3": {"dice_loss": 0.08459817392881526, "iou_score": 0.8449615988620491, "accuracy": 0.9972758473351946, "precision": 0.9197872336520705, "fscore": 0.9154472337212676, "recall": 0.9127088702002238}, "4": {"dice_loss": 0.08359608677930608, "iou_score": 0.8470322281815283, "accuracy": 0.9974093589671822, "precision": 0.9244181458340133, "fscore": 0.9164965277494387, "recall": 0.9110723969548248}}