{"0": {"dice_loss": 0.03374749741655716, "iou_score": 0.9349499986019548, "accuracy": 0.9875601326151091, "precision": 0.969254100271996, "fscore": 0.9662666193475109, "recall": 0.9634261756754944}, "1": {"dice_loss": 0.03173316362056326, "iou_score": 0.9386912308855248, "accuracy": 0.988276416139399, "precision": 0.9713428752980334, "fscore": 0.9682814836502073, "recall": 0.9653419335344996}, "2": {"dice_loss": 0.03101134619814288, "iou_score": 0.940052445340663, "accuracy": 0.988447391834664, "precision": 0.9720740425840328, "fscore": 0.9690045440450635, "recall": 0.9660714370646367}, "3": {"dice_loss": 0.030019708694295683, "iou_score": 0.9418860576000615, "accuracy": 0.9888563105400571, "precision": 0.9729790164054706, "fscore": 0.9699960010102443, "recall": 0.9671172753800737}, "4": {"dice_loss": 0.029203983164848162, "iou_score": 0.9434577167287782, "accuracy": 0.9891823564691737, "precision": 0.9740312543828443, "fscore": 0.9708115300219123, "recall": 0.967727316491148}}