{"0": {"dice_loss": 0.011000857750574746, "iou_score": 0.9784868682424226, "accuracy": 0.999606717626254, "precision": 0.9902850324908892, "fscore": 0.9890388861298561, "recall": 0.9879824037353199}, "1": {"dice_loss": 0.010993989308675133, "iou_score": 0.9784829874833423, "accuracy": 0.9996154288450878, "precision": 0.9905845413605374, "fscore": 0.989056228597959, "recall": 0.9876900220910707}, "2": {"dice_loss": 0.01087573965390523, "iou_score": 0.9787903855244316, "accuracy": 0.9996259515484175, "precision": 0.9907020911574367, "fscore": 0.9891748895247777, "recall": 0.9878635774056118}, "3": {"dice_loss": 0.010186154146989184, "iou_score": 0.9800438836216927, "accuracy": 0.9996395722031594, "precision": 0.9911352674166364, "fscore": 0.9898576190074281, "recall": 0.988711726665497}, "4": {"dice_loss": 0.010004325707753503, "iou_score": 0.9804632782936092, "accuracy": 0.9996519158283872, "precision": 0.9916414886713026, "fscore": 0.9900478273630143, "recall": 0.9886354997754095}}