{"0": {"dice_loss": 0.17575143523268638, "iou_score": 0.7039746905421156, "accuracy": 0.9161661879046933, "precision": 0.8179881484953914, "fscore": 0.825135625063718, "recall": 0.8360015588802296}, "1": {"dice_loss": 0.1526164388918614, "iou_score": 0.7369685913180258, "accuracy": 0.9270054294512824, "precision": 0.8407720700725093, "fscore": 0.8478237563437157, "recall": 0.8574728428662483}, "2": {"dice_loss": 0.14799672365188601, "iou_score": 0.7437055847147008, "accuracy": 0.928814435660184, "precision": 0.8422353283389575, "fscore": 0.8523243490156243, "recall": 0.8650524089624585}, "3": {"dice_loss": 0.14081952532569172, "iou_score": 0.7546295669052631, "accuracy": 0.9323939497654251, "precision": 0.8514726523514634, "fscore": 0.8594416277749203, "recall": 0.8693596122029068}, "4": {"dice_loss": 0.1398358246782323, "iou_score": 0.7559780402497926, "accuracy": 0.9332992809159412, "precision": 0.8543867437394117, "fscore": 0.8603815132445033, "recall": 0.8685981094182192}}