{"0": {"dice_loss": 0.11618833816968471, "iou_score": 0.7926970336463424, "accuracy": 0.944575024306119, "precision": 0.8791470303640265, "fscore": 0.883832073473668, "recall": 0.8895828480248925}, "1": {"dice_loss": 0.10978888941335142, "iou_score": 0.8028509390223155, "accuracy": 0.9478423068811613, "precision": 0.885293863238869, "fscore": 0.8902309103326478, "recall": 0.8960766052151766}, "2": {"dice_loss": 0.10767735190443944, "iou_score": 0.8063174897497831, "accuracy": 0.9485261792664998, "precision": 0.8885922900923006, "fscore": 0.8923425966566734, "recall": 0.8971553848339958}, "3": {"dice_loss": 0.1057228689665323, "iou_score": 0.8094082338469377, "accuracy": 0.9499007739863562, "precision": 0.8905254650901964, "fscore": 0.8942977307917002, "recall": 0.8988868734338783}, "4": {"dice_loss": 0.10438754335864558, "iou_score": 0.8116204498888374, "accuracy": 0.9502636737875887, "precision": 0.8915150084338341, "fscore": 0.8956322614963238, "recall": 0.9004483239991322}}