{"0": {"dice_loss": 0.2716448133811357, "iou_score": 0.6457538203192043, "accuracy": 0.9934570423327382, "precision": 0.8173126771701793, "fscore": 0.7276280500636306, "recall": 0.7804886291812333}, "1": {"dice_loss": 0.24650474227964878, "iou_score": 0.667118773141638, "accuracy": 0.9934260820038618, "precision": 0.8305628125616091, "fscore": 0.7526586890112328, "recall": 0.7820048879024584}, "2": {"dice_loss": 0.2522932040505109, "iou_score": 0.6655413212046051, "accuracy": 0.9933873920701444, "precision": 0.8297133281454069, "fscore": 0.747992847149239, "recall": 0.7854052959790301}}