{"0": {"dice_loss": 0.10118015386440132, "iou_score": 0.8183415830135347, "accuracy": 0.9962661200099518, "precision": 0.9076343852060814, "fscore": 0.8989220084967436, "recall": 0.8928245868947774}, "1": {"dice_loss": 0.09639593075822898, "iou_score": 0.8258310677828609, "accuracy": 0.9967866186742427, "precision": 0.9035805496904585, "fscore": 0.9037091654759866, "recall": 0.9054880098060326}, "2": {"dice_loss": 0.09628742712515372, "iou_score": 0.8271358940336438, "accuracy": 0.9969126008175038, "precision": 0.9068756291159875, "fscore": 0.9037882807078186, "recall": 0.9041662977801427}, "3": {"dice_loss": 0.09336541206748397, "iou_score": 0.8309684826268089, "accuracy": 0.9968392385376823, "precision": 0.9044455102196448, "fscore": 0.906743272587105, "recall": 0.9112132842893953}, "4": {"dice_loss": 0.09219091358008207, "iou_score": 0.8329437551675019, "accuracy": 0.9968172102062793, "precision": 0.9153734986428861, "fscore": 0.9078958299424914, "recall": 0.9027529403015421}}