{"0": {"dice_loss": 0.2803642535789988, "iou_score": 0.6308609417827643, "accuracy": 0.9924001453130782, "precision": 0.7847609718999304, "fscore": 0.7191771621573121, "recall": 0.7811024692643487}, "1": {"dice_loss": 0.2655907987822869, "iou_score": 0.6488604283822308, "accuracy": 0.9926624490329748, "precision": 0.8186572891228034, "fscore": 0.7353820287609882, "recall": 0.7749836750607805}, "2": {"dice_loss": 0.2740778336660376, "iou_score": 0.6393301131656, "accuracy": 0.9929958087435596, "precision": 0.7981067638420104, "fscore": 0.7246816476240066, "recall": 0.7883824364979959}}