{"0": {"dice_loss": 0.23504115819447435, "iou_score": 0.6842140672910797, "accuracy": 0.9938347217519192, "precision": 0.8535215064018574, "fscore": 0.7644472715168208, "recall": 0.7947919343021165}, "1": {"dice_loss": 0.22910239694084647, "iou_score": 0.686760480310444, "accuracy": 0.9934800395375577, "precision": 0.8603752636528023, "fscore": 0.7706206271565974, "recall": 0.7915896876428664}, "2": {"dice_loss": 0.21711970536268768, "iou_score": 0.7059102250450026, "accuracy": 0.9947074194708895, "precision": 0.8565980088022255, "fscore": 0.7812869884861394, "recall": 0.8015578126855835}}