{"0": {"dice_loss": 0.2876051399577219, "iou_score": 0.6268867147936358}, "1": {"dice_loss": 0.27208240133753664, "iou_score": 0.6428498650747302}, "2": {"dice_loss": 0.2584838705178934, "iou_score": 0.6544367801273183}, "3": {"dice_loss": 0.27378886019240534, "iou_score": 0.6330876399100189}, "4": {"dice_loss": 0.25250687633034674, "iou_score": 0.6603255999499704}}