{"0": {"dice_loss": 0.3400130838155746, "iou_score": 0.5937217831283662}, "1": {"dice_loss": 0.3223529694601893, "iou_score": 0.6036970047463855}, "2": {"dice_loss": 0.33384347008541243, "iou_score": 0.5871397251898075}, "3": {"dice_loss": 0.31175053464248775, "iou_score": 0.6033007423708422}, "4": {"dice_loss": 0.30796085046604266, "iou_score": 0.6051198209168757}}