{"0": {"dice_loss": 0.3157212608493868, "iou_score": 0.5942766420712224, "accuracy": 0.9922051575966186, "precision": 0.745038751882272, "fscore": 0.6850245076138771, "recall": 0.7920559748471931}, "1": {"dice_loss": 0.3339224291034042, "iou_score": 0.5793173269126606, "accuracy": 0.9924015747383245, "precision": 0.7437993816672086, "fscore": 0.6658080872502786, "recall": 0.7592640115674832}, "2": {"dice_loss": 0.32270175535231865, "iou_score": 0.5869923335910504, "accuracy": 0.9923637354746465, "precision": 0.8197445926113468, "fscore": 0.6779145877680357, "recall": 0.7113460158083126}}