{"0": {"dice_loss": 0.03414806411621422, "iou_score": 0.9342630039884695, "accuracy": 0.9871816443889705, "precision": 0.969410581994564, "fscore": 0.9658667322422588, "recall": 0.9625615758084232}, "1": {"dice_loss": 0.03262210587237741, "iou_score": 0.9371068547127095, "accuracy": 0.9878397169518977, "precision": 0.9711076012063543, "fscore": 0.9673936263043829, "recall": 0.9639014335388829}, "2": {"dice_loss": 0.031382922618947214, "iou_score": 0.939403555494673, "accuracy": 0.9881900033544985, "precision": 0.9720606865781407, "fscore": 0.9686321178395693, "recall": 0.9653868893359563}, "3": {"dice_loss": 0.030538854294634883, "iou_score": 0.9409788051057362, "accuracy": 0.9885119398604046, "precision": 0.9731021579275739, "fscore": 0.9694771251779917, "recall": 0.966039977479489}, "4": {"dice_loss": 0.030069673061370834, "iou_score": 0.9418732838427755, "accuracy": 0.9886960953854488, "precision": 0.9735989252557151, "fscore": 0.9699470516468621, "recall": 0.9664962725436436}}