{"0": {"dice_loss": 0.3889963042156389, "iou_score": 0.5293217844723646, "accuracy": 0.9916950798185885, "precision": 0.7516541562981355, "fscore": 0.6105105558302073, "recall": 0.6829246440671467}, "1": {"dice_loss": 0.3559421426902111, "iou_score": 0.5535447137550874, "accuracy": 0.9929937128032739, "precision": 0.7382897196033007, "fscore": 0.6423710256687427, "recall": 0.7234489700007738}, "2": {"dice_loss": 0.3423052065972293, "iou_score": 0.5678212262418855, "accuracy": 0.9926400853765935, "precision": 0.7204536360772498, "fscore": 0.6573620597546909, "recall": 0.7574206534810644}}