{"0": {"dice_loss": 0.36876260024548635, "iou_score": 0.5433992723968842}, "1": {"dice_loss": 0.3564276072742067, "iou_score": 0.5541990083768684}, "2": {"dice_loss": 0.36456182139116416, "iou_score": 0.5436795537071818}, "3": {"dice_loss": 0.3432082242743913, "iou_score": 0.570638821462457}, "4": {"dice_loss": 0.3687757704777141, "iou_score": 0.5356883427976808}}