{"0": {"dice_loss": 0.3471626461686343, "iou_score": 0.5678279284301275, "accuracy": 0.9928692972433246, "precision": 0.7032833244389136, "fscore": 0.6520578362000017, "recall": 0.7840406999819653}, "1": {"dice_loss": 0.3303060937381446, "iou_score": 0.5865760209524111, "accuracy": 0.9937498464896872, "precision": 0.7755750121783466, "fscore": 0.670408716322805, "recall": 0.7402641751567732}, "2": {"dice_loss": 0.3061715601362589, "iou_score": 0.6070209199627082, "accuracy": 0.9938375081622822, "precision": 0.793956269925642, "fscore": 0.6913212470715617, "recall": 0.7411302911679759}}