{"0": {"dice_loss": 0.7512626647949219, "iou_score": 0.703102320432663}, "1": {"dice_loss": 0.839449554681778, "iou_score": 0.6483358144760132}}