{"0": {"dice_loss": 0.926330953836441, "iou_score": 0.2570054233074188}, "1": {"dice_loss": 0.9240221381187439, "iou_score": 0.31110233068466187}}