{"0": {"dice_loss": 0.9629492461681366, "iou_score": 0.05584658635780215}, "1": {"dice_loss": 0.9652470946311951, "iou_score": 0.0849963501117195}}