{"0": {"dice_loss": 0.7931864261627197, "iou_score": 0.330011747777462}, "1": {"dice_loss": 0.7817667722702026, "iou_score": 0.3637083470895796}}