{"0": {"dice_loss": 0.26088150562499784, "iou_score": 0.6708141479325362, "accuracy": 0.9178131989853129, "precision": 0.748541624876039, "fscore": 0.79768506494618, "recall": 0.8762244568781912}, "1": {"dice_loss": 0.15284273941621596, "iou_score": 0.7411247951352428, "accuracy": 0.9475152222506239, "precision": 0.840656696501986, "fscore": 0.8505608252229684, "recall": 0.8628335660884766}, "2": {"dice_loss": 0.14288319648834255, "iou_score": 0.7523479377955532, "accuracy": 0.9500207782583168, "precision": 0.8491134161055401, "fscore": 0.8580048186847197, "recall": 0.8687904586404772}, "3": {"dice_loss": 0.13804225917369042, "iou_score": 0.7589773278192543, "accuracy": 0.9517775939604364, "precision": 0.8547904312427967, "fscore": 0.8623163465703486, "recall": 0.8715887252351722}, "4": {"dice_loss": 0.13257019214172291, "iou_score": 0.7670790857204496, "accuracy": 0.9534901518743787, "precision": 0.8607928223519832, "fscore": 0.8676042064217679, "recall": 0.8758902172267857}, "5": {"dice_loss": 0.13143904481284865, "iou_score": 0.768814909811284, "accuracy": 0.9541276094253516, "precision": 0.8627883737128655, "fscore": 0.8686714902352755, "recall": 0.876100238698009}, "6": {"dice_loss": 0.12763010450963247, "iou_score": 0.7747053541433332, "accuracy": 0.9552254000406581, "precision": 0.8669375434472201, "fscore": 0.8724482144106389, "recall": 0.879375933504932}, "7": {"dice_loss": 0.1262503949443949, "iou_score": 0.7768506011388159, "accuracy": 0.9556181993681747, "precision": 0.8684654204789423, "fscore": 0.8738145512263319, "recall": 0.8805218432117643}, "8": {"dice_loss": 0.12454895810647461, "iou_score": 0.7795171046342262, "accuracy": 0.9563656983567936, "precision": 0.8709118136102999, "fscore": 0.8755070005179187, "recall": 0.8813648611702899}, "9": {"dice_loss": 0.12293416891813988, "iou_score": 0.781968136181992, "accuracy": 0.9570042793853042, "precision": 0.871877061364842, "fscore": 0.8771152901211112, "recall": 0.8835937985360808}}