{"0": {"dice_loss": 0.10718405142530694, "iou_score": 0.8071835672521921, "accuracy": 0.9797326816128683, "precision": 0.8882631036368286, "fscore": 0.8928410648465991, "recall": 0.898312099538483}, "1": {"dice_loss": 0.09985167955185152, "iou_score": 0.8189773088568573, "accuracy": 0.9807939733658635, "precision": 0.8981330217598199, "fscore": 0.9001696664136605, "recall": 0.9031229865300905}, "2": {"dice_loss": 0.09862993251193651, "iou_score": 0.8211232813505024, "accuracy": 0.9812680997631766, "precision": 0.8994793260430959, "fscore": 0.90139019030791, "recall": 0.9040540938193978}, "3": {"dice_loss": 0.09673589697250957, "iou_score": 0.8242276838192573, "accuracy": 0.9815886087350917, "precision": 0.8993969003220539, "fscore": 0.9032881918487016, "recall": 0.9078901997812973}, "4": {"dice_loss": 0.09610293941064307, "iou_score": 0.825146444610782, "accuracy": 0.9816276549876155, "precision": 0.9016023336590587, "fscore": 0.9039203933068926, "recall": 0.9068509183980373}}