{"0": {"dice_loss": 0.14913994574046632, "iou_score": 0.7418847425834283, "accuracy": 0.9715265875512907, "precision": 0.8491334827629842, "fscore": 0.8510201517101765, "recall": 0.8556015318507089}, "1": {"dice_loss": 0.13625448837980536, "iou_score": 0.761538409478181, "accuracy": 0.973658787829059, "precision": 0.8618040280742247, "fscore": 0.8638873281595592, "recall": 0.8682818842100931}, "2": {"dice_loss": 0.13426699942642162, "iou_score": 0.764693066165164, "accuracy": 0.9742311872802413, "precision": 0.8608487121291928, "fscore": 0.8658707231491594, "recall": 0.8732902827587996}, "3": {"dice_loss": 0.12763435419622848, "iou_score": 0.7748713395395478, "accuracy": 0.9756013507192784, "precision": 0.8686877993436967, "fscore": 0.872500276440507, "recall": 0.8778746967965909}, "4": {"dice_loss": 0.13078333739634154, "iou_score": 0.7702428771482484, "accuracy": 0.9748476637410124, "precision": 0.8641831212110455, "fscore": 0.8693375937588568, "recall": 0.8769808982635714}}