{"0": {"dice_loss": 0.7039863467216492, "iou_score": 0.6938973069190979}, "1": {"dice_loss": 0.6684122085571289, "iou_score": 0.7326545715332031}}