{"0": {"dice_loss": 0.8689367175102234, "iou_score": 0.37237851321697235}, "1": {"dice_loss": 0.8487184941768646, "iou_score": 0.4801151901483536}}