{"0": {"dice_loss": 0.14237633729592353, "iou_score": 0.7519657547935182, "accuracy": 0.9570585057174135, "precision": 0.856743775603377, "fscore": 0.8577347510344502, "recall": 0.86027304095266}, "1": {"dice_loss": 0.12714871201481837, "iou_score": 0.7752258592830114, "accuracy": 0.9617245123658702, "precision": 0.8704763072909731, "fscore": 0.8729413820035521, "recall": 0.8764064442583448}, "2": {"dice_loss": 0.12353378798300291, "iou_score": 0.7808693878022661, "accuracy": 0.9626776580210331, "precision": 0.8738333980242411, "fscore": 0.8765543036527568, "recall": 0.880230418729893}, "3": {"dice_loss": 0.12157154152721236, "iou_score": 0.7840196822350954, "accuracy": 0.963342834463765, "precision": 0.8767503741737845, "fscore": 0.8785114367525063, "recall": 0.8812234651792304}}