{"0": {"dice_loss": 0.1103835111453539, "iou_score": 0.8018330298103659, "accuracy": 0.9669168968022845, "precision": 0.8914132075154133, "fscore": 0.8896378555220046, "recall": 0.8884866597491263}, "1": {"dice_loss": 0.10291373285102405, "iou_score": 0.8139199286629827, "accuracy": 0.9691498864502904, "precision": 0.8976041937207841, "fscore": 0.8971097730534343, "recall": 0.8972240810071946}, "2": {"dice_loss": 0.10092531828891427, "iou_score": 0.8172054871534695, "accuracy": 0.9698625622373643, "precision": 0.8997324398069675, "fscore": 0.8991002679426916, "recall": 0.8990455940886808}, "3": {"dice_loss": 0.09793785846594603, "iou_score": 0.8221070417713168, "accuracy": 0.9708954947533868, "precision": 0.9021736753014693, "fscore": 0.9020861597050049, "recall": 0.9025271857257214}, "4": {"dice_loss": 0.09622232536058055, "iou_score": 0.8249509990354248, "accuracy": 0.9710120707402975, "precision": 0.9042841737920594, "fscore": 0.9038029331149471, "recall": 0.9037471709551508}}