{"0": {"dice_loss": 0.08950018258827566, "iou_score": 0.8360662537322014, "accuracy": 0.9512942957718818, "precision": 0.9038784660581488, "fscore": 0.9105272097948663, "recall": 0.9177458489392545}, "1": {"dice_loss": 0.08295853153899946, "iou_score": 0.84708674527489, "accuracy": 0.9548671003970375, "precision": 0.9117596527781413, "fscore": 0.9170654858141009, "recall": 0.9227807544387535}, "2": {"dice_loss": 0.08140096406894168, "iou_score": 0.8496862944622079, "accuracy": 0.9557648704683862, "precision": 0.9134756082415841, "fscore": 0.9186225763142511, "recall": 0.9241357842638652}, "3": {"dice_loss": 0.08160899715593513, "iou_score": 0.8499362527793128, "accuracy": 0.9564367877879487, "precision": 0.9131244381180326, "fscore": 0.9184161074177464, "recall": 0.9241379941492147}, "4": {"dice_loss": 0.08095040087710516, "iou_score": 0.8506384397668146, "accuracy": 0.9563879568486539, "precision": 0.9141876797102612, "fscore": 0.9190735609865933, "recall": 0.9243457464704533}}