{"0": {"dice_loss": 0.130686111067876, "iou_score": 0.7699430473397723, "accuracy": 0.9280733490043334, "precision": 0.8554492452096836, "fscore": 0.869473074220602, "recall": 0.8860723576726265}, "1": {"dice_loss": 0.11756041493341508, "iou_score": 0.7903053834868425, "accuracy": 0.9357210595517484, "precision": 0.868395789030666, "fscore": 0.8825727515337459, "recall": 0.8980826650536669}, "2": {"dice_loss": 0.11164739031037667, "iou_score": 0.7998178792424617, "accuracy": 0.9393638158694141, "precision": 0.8775923557430175, "fscore": 0.888466157334419, "recall": 0.9004878137584251}, "3": {"dice_loss": 0.10664417642793048, "iou_score": 0.8078455290443912, "accuracy": 0.94214172525236, "precision": 0.8831670424985991, "fscore": 0.89345554665627, "recall": 0.9047132458346985}, "4": {"dice_loss": 0.10351286858386613, "iou_score": 0.8129081516329586, "accuracy": 0.9438405696692602, "precision": 0.8874892417200431, "fscore": 0.8965836941266644, "recall": 0.9064577714372056}}