{"0": {"dice_loss": 0.011902421712875368, "iou_score": 0.9766206910212832, "accuracy": 0.9995715320110321, "precision": 0.988879000643889, "fscore": 0.9881384457151098, "recall": 0.9874700903892515}, "1": {"dice_loss": 0.009737655023733773, "iou_score": 0.9809102247158686, "accuracy": 0.9996486296256379, "precision": 0.9912982409199078, "fscore": 0.9903157989184062, "recall": 0.9894207711021107}, "2": {"dice_loss": 0.009157064557075502, "iou_score": 0.9820361509919164, "accuracy": 0.9996698458989459, "precision": 0.991765408217907, "fscore": 0.9908988336722054, "recall": 0.9901086752613383}, "3": {"dice_loss": 0.0090963676571846, "iou_score": 0.982145105799039, "accuracy": 0.9996727565924327, "precision": 0.99187112202247, "fscore": 0.9909540375073751, "recall": 0.9901228999098144}, "4": {"dice_loss": 0.008892894287904109, "iou_score": 0.9825211599469184, "accuracy": 0.9996758252382281, "precision": 0.9918537591894466, "fscore": 0.9911549588044481, "recall": 0.9905111784736316}}