{"0": {"dice_loss": 0.10754545604189239, "iou_score": 0.8148141283541919, "accuracy": 0.9959788598120215, "precision": 0.9075078650067253, "fscore": 0.8934135672946767, "recall": 0.8900577710320552}, "1": {"dice_loss": 0.10319019680221876, "iou_score": 0.821045650790135, "accuracy": 0.996226324141026, "precision": 0.9124636453886829, "fscore": 0.8975070248047505, "recall": 0.893798353523016}, "2": {"dice_loss": 0.08201859345038734, "iou_score": 0.8530705408503613, "accuracy": 0.9968582247694335, "precision": 0.9272789364059769, "fscore": 0.9186186447739603, "recall": 0.9155929364264016}, "3": {"dice_loss": 0.07514534542957944, "iou_score": 0.8664075017751502, "accuracy": 0.9973415178557237, "precision": 0.9319214778641858, "fscore": 0.9253207073236508, "recall": 0.9230857193469997}}