{"0": {"dice_loss": 0.20349460677439427, "iou_score": 0.6980871756375949, "accuracy": 0.9939704617532364, "precision": 0.869054489674256, "fscore": 0.7968481169617083, "recall": 0.782724651810121}, "1": {"dice_loss": 0.1692910355930567, "iou_score": 0.7383924128978322, "accuracy": 0.9947190917089211, "precision": 0.8640585054627369, "fscore": 0.8308898882570138, "recall": 0.8343746178238468}, "2": {"dice_loss": 0.17304888167301147, "iou_score": 0.7344937606318472, "accuracy": 0.9945173780707751, "precision": 0.8630010802102174, "fscore": 0.82703658649336, "recall": 0.8335121310645477}, "3": {"dice_loss": 0.1643774451828804, "iou_score": 0.743033808280494, "accuracy": 0.994593656238388, "precision": 0.855380632305304, "fscore": 0.8357346806512015, "recall": 0.8530918055413411}, "4": {"dice_loss": 0.1817332244470341, "iou_score": 0.7261361417862197, "accuracy": 0.9948614778138009, "precision": 0.9089184458524441, "fscore": 0.8182939527752672, "recall": 0.7855055255601374}}