{"0": {"dice_loss": 0.12217847257852553, "iou_score": 0.7868642389774324, "accuracy": 0.9956886544823649, "precision": 0.9015868410468102, "fscore": 0.8791204959154129, "recall": 0.8627358481287957}, "1": {"dice_loss": 0.10892565846443174, "iou_score": 0.8060033693909645, "accuracy": 0.9961779251694677, "precision": 0.9107284545898439, "fscore": 0.8913561418652534, "recall": 0.8759997263550756}, "2": {"dice_loss": 0.1106459394097328, "iou_score": 0.8033855497837067, "accuracy": 0.9958938792347909, "precision": 0.8727468058466912, "fscore": 0.889503188431263, "recall": 0.9112853959202766}, "3": {"dice_loss": 0.10230379402637484, "iou_score": 0.8165996611118316, "accuracy": 0.996293115615845, "precision": 0.8904033616185191, "fscore": 0.8978640884160994, "recall": 0.9080780074000357}, "4": {"dice_loss": 0.10637931376695631, "iou_score": 0.8102711036801338, "accuracy": 0.9962833270430566, "precision": 0.9001600354909899, "fscore": 0.8937342271208762, "recall": 0.8911435902118682}, "5": {"dice_loss": 0.09757291078567507, "iou_score": 0.8239869505167007, "accuracy": 0.9964722573757171, "precision": 0.9050018340349197, "fscore": 0.9025081992149353, "recall": 0.9026156157255172}, "6": {"dice_loss": 0.09772986918687818, "iou_score": 0.823919503390789, "accuracy": 0.9964262485504152, "precision": 0.8966381743550301, "fscore": 0.902346481382847, "recall": 0.9111799418926239}, "7": {"dice_loss": 0.09494428038597105, "iou_score": 0.828487278521061, "accuracy": 0.9964703083038331, "precision": 0.8959091812372207, "fscore": 0.9051337987184526, "recall": 0.9172991022467615}, "8": {"dice_loss": 0.09094838947057723, "iou_score": 0.8348461836576464, "accuracy": 0.9966043516993525, "precision": 0.8943079829216, "fscore": 0.9091212436556814, "recall": 0.926600679755211}, "9": {"dice_loss": 0.09026071131229403, "iou_score": 0.8359344974160194, "accuracy": 0.9967257529497147, "precision": 0.9020497441291809, "fscore": 0.9097819268703463, "recall": 0.9196444943547248}}