{"0": {"dice_loss": 0.03464840980286292, "iou_score": 0.9332965627629715, "accuracy": 0.9872348628145589, "precision": 0.9685846769048801, "fscore": 0.9653665785586576, "recall": 0.9623036691990312}, "1": {"dice_loss": 0.032456010706881304, "iou_score": 0.9373444043829072, "accuracy": 0.9880111615201262, "precision": 0.9707990718902427, "fscore": 0.9675589416889435, "recall": 0.9644512760385556}, "2": {"dice_loss": 0.03144136596233283, "iou_score": 0.9392678466249017, "accuracy": 0.9884084107520725, "precision": 0.9719274562470451, "fscore": 0.9685742741442732, "recall": 0.9653716187781476}, "3": {"dice_loss": 0.03088261315163149, "iou_score": 0.9402867251761416, "accuracy": 0.9886072847690993, "precision": 0.972372423892326, "fscore": 0.9691348879388041, "recall": 0.9660263606842534}, "4": {"dice_loss": 0.030191234832114344, "iou_score": 0.9415956162391816, "accuracy": 0.988871289009744, "precision": 0.9731961212259655, "fscore": 0.9698253222222021, "recall": 0.9665815229618807}}