{"0": {"dice_loss": 0.848398102114567, "iou_score": 0.33047194025394616, "accuracy": 0.8678117562610901, "precision": 0.34257247532516455, "fscore": 0.4500676963046239, "recall": 0.9519784525270372}, "1": {"dice_loss": 0.4204274970909646, "iou_score": 0.6749301772319407, "accuracy": 0.9928946209178073, "precision": 0.758280313874487, "fscore": 0.7993858947088724, "recall": 0.8702525180709024}, "2": {"dice_loss": 0.21116618433716144, "iou_score": 0.7399965551766483, "accuracy": 0.9949087799529671, "precision": 0.8488344395048562, "fscore": 0.8471597296690867, "recall": 0.8563753854144708}, "3": {"dice_loss": 0.16190665848202834, "iou_score": 0.763212570762933, "accuracy": 0.9954465289474654, "precision": 0.8759131569847416, "fscore": 0.863213834344033, "recall": 0.8578030130706242}, "4": {"dice_loss": 0.14653027861095885, "iou_score": 0.770599309833819, "accuracy": 0.9956674583279596, "precision": 0.8827101175314208, "fscore": 0.8678953827922247, "recall": 0.8612230448139875}, "5": {"dice_loss": 0.13613921852321098, "iou_score": 0.777755881177968, "accuracy": 0.9957782013289231, "precision": 0.8865350269972342, "fscore": 0.8726963847408475, "recall": 0.8655479522334371}, "6": {"dice_loss": 0.1277121647398299, "iou_score": 0.7869761846842807, "accuracy": 0.9960707069190698, "precision": 0.891599113851505, "fscore": 0.8787697258414144, "recall": 0.8718997361518002}, "7": {"dice_loss": 0.12269457399284588, "iou_score": 0.7927148298223193, "accuracy": 0.9961861056220191, "precision": 0.8957112638927929, "fscore": 0.8820430260840632, "recall": 0.8734376034392825}, "8": {"dice_loss": 0.1251022227131835, "iou_score": 0.7870853379789196, "accuracy": 0.9960288607214685, "precision": 0.8923189886685077, "fscore": 0.8785286215031785, "recall": 0.8712475017694096}, "9": {"dice_loss": 0.12618688543014764, "iou_score": 0.7837054469742373, "accuracy": 0.9959053746585194, "precision": 0.8916273518789528, "fscore": 0.8766724127213406, "recall": 0.868245149854582}}