{"0": {"dice_loss": 0.7465038869691931, "iou_score": 0.297829788400913}, "1": {"dice_loss": 0.5318300319106687, "iou_score": 0.6273188362626927}}