{"0": {"dice_loss": 0.03465123942557809, "iou_score": 0.9332769000783872, "accuracy": 0.9871415120997322, "precision": 0.9684633859167701, "fscore": 0.9653643229667174, "recall": 0.9624218526799625}, "1": {"dice_loss": 0.032576438518280654, "iou_score": 0.9371338585589792, "accuracy": 0.9878532482208091, "precision": 0.9705503607810819, "fscore": 0.9674394460434618, "recall": 0.9644776262120996}, "2": {"dice_loss": 0.031806254133264975, "iou_score": 0.9385982985192158, "accuracy": 0.988181123378429, "precision": 0.9714430186596317, "fscore": 0.9682088414151607, "recall": 0.9651339195129717}, "3": {"dice_loss": 0.030775998805431602, "iou_score": 0.9405199484622215, "accuracy": 0.9885288104605171, "precision": 0.9725013199765624, "fscore": 0.9692397014130938, "recall": 0.9661327781575781}, "4": {"dice_loss": 0.030310023439691417, "iou_score": 0.9413959913558138, "accuracy": 0.9887212328200664, "precision": 0.9730043594887914, "fscore": 0.9697054418097149, "recall": 0.9665577722610321}}