{"0": {"dice_loss": 0.1140746520115779, "iou_score": 0.7968431596572583, "accuracy": 0.9966065723162431, "precision": 0.9076116979122161, "fscore": 0.8860439222592573, "recall": 0.8696292592928961}, "1": {"dice_loss": 0.10357826489668626, "iou_score": 0.8160110849600573, "accuracy": 0.9970491505586184, "precision": 0.9065302335298978, "fscore": 0.89652210015517, "recall": 0.8907766204613906}, "2": {"dice_loss": 0.08146688571343054, "iou_score": 0.8501482697633598, "accuracy": 0.9976552678988532, "precision": 0.926552550150798, "fscore": 0.9186254556362446, "recall": 0.9116874910317934}, "3": {"dice_loss": 0.08953605936123775, "iou_score": 0.837754487991333, "accuracy": 0.9972749375380002, "precision": 0.9156368512373705, "fscore": 0.9105570958210871, "recall": 0.9088829755783079}, "4": {"dice_loss": 0.09722184905639061, "iou_score": 0.8254612019428841, "accuracy": 0.9971651159800016, "precision": 0.9135296596930578, "fscore": 0.9028415038035466, "recall": 0.8976836044054767}}