{"0": {"dice_loss": 0.1045262927100772, "iou_score": 0.8128924639452069, "accuracy": 0.9963081819670542, "precision": 0.9156704459871563, "fscore": 0.8955689782188053, "recall": 0.8809675758793242}, "1": {"dice_loss": 0.10225275584629602, "iou_score": 0.8163145581881206, "accuracy": 0.9964097269943781, "precision": 0.9109075750623432, "fscore": 0.8978173278626943, "recall": 0.8877401735101429}, "2": {"dice_loss": 0.12105334656579156, "iou_score": 0.7997428647903092, "accuracy": 0.996676619563784, "precision": 0.8932475093780922, "fscore": 0.8783831497827089, "recall": 0.8662944442025682}, "3": {"dice_loss": 0.10021455373082842, "iou_score": 0.8192448970817381, "accuracy": 0.9965427319208784, "precision": 0.9103681728953406, "fscore": 0.8999017406077611, "recall": 0.8919674229054224}, "4": {"dice_loss": 0.08823810304914198, "iou_score": 0.8395186520758129, "accuracy": 0.9969832996527355, "precision": 0.9289519957133702, "fscore": 0.9118861300604684, "recall": 0.8974130394912903}}