{"0": {"dice_loss": 0.2696095026312792, "iou_score": 0.6585018000110173}, "1": {"dice_loss": 0.25369162820863006, "iou_score": 0.6758232295591821}, "2": {"dice_loss": 0.34522158947567005, "iou_score": 0.577453292480334}, "3": {"dice_loss": 0.31038475449986624, "iou_score": 0.6123965730759443}, "4": {"dice_loss": 0.26560193140234684, "iou_score": 0.6615819456463639}}