{"0": {"dice_loss": 0.2883178363710441, "iou_score": 0.649669908724535, "accuracy": 0.9930559876781182, "precision": 0.8080448688441083, "fscore": 0.7165506212884495, "recall": 0.7942821616003466}, "1": {"dice_loss": 0.21883839955532566, "iou_score": 0.71434123335209, "accuracy": 0.9931512745701493, "precision": 0.8732171758311175, "fscore": 0.7806165485071423, "recall": 0.8051704877937856}, "2": {"dice_loss": 0.2608989430487291, "iou_score": 0.6698320212415801, "accuracy": 0.9920803327155057, "precision": 0.8373064597743506, "fscore": 0.7393576044324855, "recall": 0.7990872465935956}}