{"0": {"dice_loss": 0.15720203369855879, "iou_score": 0.7380094490945338, "accuracy": 0.9960560411214827, "precision": 0.838497678935528, "fscore": 0.8429466560482981, "recall": 0.861372148990631}, "1": {"dice_loss": 0.14405765980482108, "iou_score": 0.756259135901928, "accuracy": 0.9966822072863578, "precision": 0.8708747744560241, "fscore": 0.856031295657158, "recall": 0.8508320264518261}, "2": {"dice_loss": 0.11176798045635222, "iou_score": 0.8042767956852913, "accuracy": 0.9974821701645851, "precision": 0.8988445460796356, "fscore": 0.8883218035101891, "recall": 0.881363771855831}, "3": {"dice_loss": 0.11202714592218399, "iou_score": 0.8030445814132691, "accuracy": 0.99764524102211, "precision": 0.9033978968858719, "fscore": 0.8880453765392305, "recall": 0.8788665264844894}, "4": {"dice_loss": 0.12911749184131624, "iou_score": 0.7755421251058578, "accuracy": 0.9973971530795095, "precision": 0.8842802092432976, "fscore": 0.8709674745798113, "recall": 0.8632901325821875}}