{"0": {"dice_loss": 0.012304093440373734, "iou_score": 0.975838074088097, "accuracy": 0.9995537951588624, "precision": 0.9879914616545041, "fscore": 0.9877395366628964, "recall": 0.987563645839691}, "1": {"dice_loss": 0.009898452460765839, "iou_score": 0.9805216670036316, "accuracy": 0.9996428266167641, "precision": 0.9906524007519089, "fscore": 0.99014730155468, "recall": 0.9896735151608786}, "2": {"dice_loss": 0.008434544006983447, "iou_score": 0.9833731845021249, "accuracy": 0.9996944343050324, "precision": 0.9918216824531554, "fscore": 0.9916069919864338, "recall": 0.9914153839151066}, "3": {"dice_loss": 0.007987091441949208, "iou_score": 0.9842636783917745, "accuracy": 0.9997076595822971, "precision": 0.9924423798918725, "fscore": 0.9920615419745444, "recall": 0.9916971315940228}, "4": {"dice_loss": 0.007717212041219075, "iou_score": 0.9848089233040811, "accuracy": 0.9997204363346098, "precision": 0.9925184980034825, "fscore": 0.9923382158080736, "recall": 0.9921752095222474}}