{"0": {"dice_loss": 0.19697152741536725, "iou_score": 0.7391929061528438, "accuracy": 0.9942544636043659, "precision": 0.8680394549486345, "fscore": 0.8022277435396509, "recall": 0.8509204916978118}, "1": {"dice_loss": 0.23451055389656056, "iou_score": 0.6988747745068536, "accuracy": 0.9942051216259897, "precision": 0.8571040169866517, "fscore": 0.7633341174174338, "recall": 0.8089755361333938}, "2": {"dice_loss": 0.22971683233909693, "iou_score": 0.7018203528200566, "accuracy": 0.9944668806905983, "precision": 0.8237833971275486, "fscore": 0.7691996230151115, "recall": 0.8467793934101046}}