{"0": {"dice_loss": 0.06488068166532014, "iou_score": 0.879984941921736, "accuracy": 0.9980160797897141, "precision": 0.9387967664944497, "fscore": 0.9352230821785172, "recall": 0.9338508828690179}, "1": {"dice_loss": 0.06651075419626737, "iou_score": 0.8765691942290257, "accuracy": 0.9979753384464665, "precision": 0.9461048998330768, "fscore": 0.9335494998254275, "recall": 0.9228391851249494}, "2": {"dice_loss": 0.08802224930964016, "iou_score": 0.8457317697374445, "accuracy": 0.996638944274501, "precision": 0.9381158430325358, "fscore": 0.9120825764380002, "recall": 0.8986483969186484}, "3": {"dice_loss": 0.059227634417383296, "iou_score": 0.8890337395040612, "accuracy": 0.9982870409363194, "precision": 0.9447210964403655, "fscore": 0.940882910239069, "recall": 0.9379768983313913}, "4": {"dice_loss": 0.05963554037244696, "iou_score": 0.888679491846185, "accuracy": 0.998091912583301, "precision": 0.9429780385996166, "fscore": 0.9404515655417193, "recall": 0.9388976269646694}}