{"0": {"dice_loss": 0.08130451976036546, "iou_score": 0.8504356283719845, "accuracy": 0.9690221231810902, "precision": 0.9162533862250194, "fscore": 0.9187438374473931, "recall": 0.9218141235461849}, "1": {"dice_loss": 0.07062751979244006, "iou_score": 0.8687387402365807, "accuracy": 0.9731358750336833, "precision": 0.9264079313699883, "fscore": 0.9294067693405418, "recall": 0.9328473306837539}, "2": {"dice_loss": 0.06681444847664862, "iou_score": 0.8754529035821255, "accuracy": 0.9748298320640515, "precision": 0.9363702770804065, "fscore": 0.9332131592594856, "recall": 0.9306071061666329}, "3": {"dice_loss": 0.06009369050564414, "iou_score": 0.8871562881534607, "accuracy": 0.9773909087894723, "precision": 0.94534339474983, "fscore": 0.9399287935827865, "recall": 0.9349122871347023}, "4": {"dice_loss": 0.05503327408615424, "iou_score": 0.8961522931144345, "accuracy": 0.9793082732732605, "precision": 0.9495197764870265, "fscore": 0.9449881560137487, "recall": 0.9407813812599708}, "5": {"dice_loss": 0.051154002851369416, "iou_score": 0.903070538871142, "accuracy": 0.980714164461408, "precision": 0.9518153695022168, "fscore": 0.9488619746805044, "recall": 0.9461317243219234}, "6": {"dice_loss": 0.048859760144940895, "iou_score": 0.9072176875711294, "accuracy": 0.9815971501019543, "precision": 0.9537844844415879, "fscore": 0.9511559540722643, "recall": 0.9487390978806686}, "7": {"dice_loss": 0.04671721377340307, "iou_score": 0.9110962078684857, "accuracy": 0.9824145500351783, "precision": 0.956456388016137, "fscore": 0.9532969735917598, "recall": 0.9503472782316658}, "8": {"dice_loss": 0.04523783095028933, "iou_score": 0.9137932138378112, "accuracy": 0.9829622845260467, "precision": 0.9582224515019633, "fscore": 0.954775259608314, "recall": 0.9515442705478799}, "9": {"dice_loss": 0.043232168713394505, "iou_score": 0.9174543083930503, "accuracy": 0.9837200910055716, "precision": 0.9599362297933937, "fscore": 0.9567798956721829, "recall": 0.9538366442634949}}