{"0": {"dice_loss": 0.8523909211158757, "iou_score": 0.31862415552993006, "accuracy": 0.8593114415804544, "precision": 0.32829136485621957, "fscore": 0.4354783568686496, "recall": 0.9549515003959337}, "1": {"dice_loss": 0.4946405321359636, "iou_score": 0.708463363349438, "accuracy": 0.9933732929329077, "precision": 0.7557020341356594, "fscore": 0.8210960211853188, "recall": 0.9283557499448457}, "2": {"dice_loss": 0.21864462991555522, "iou_score": 0.8053585061182577, "accuracy": 0.9962135270237921, "precision": 0.8750363883872829, "fscore": 0.8881808344274762, "recall": 0.9131756449739136}, "3": {"dice_loss": 0.14354796186089525, "iou_score": 0.8285258196294306, "accuracy": 0.9966793246567252, "precision": 0.9004650457451737, "fscore": 0.9032462450365224, "recall": 0.9137790297468503}, "4": {"dice_loss": 0.11186025515198704, "iou_score": 0.8480675090104339, "accuracy": 0.9971048270662629, "precision": 0.9157154067109027, "fscore": 0.9153024698297179, "recall": 0.9216166245440648}}