{
    "0": {
        "dice_loss": 0.8537740391989548,
        "iou_score": 0.32862126206746317,
        "accuracy": 0.9117238158981003,
        "precision": 0.3383373732950229,
        "fscore": 0.4534531607680644,
        "recall": 0.951583609667917
    },
    "1": {
        "dice_loss": 0.45848437249660506,
        "iou_score": 0.7248008359223602,
        "accuracy": 0.9937341320017974,
        "precision": 0.7782176268597443,
        "fscore": 0.8322900349895155,
        "recall": 0.9214717641472817
    },
    "2": {
        "dice_loss": 0.20822068129976595,
        "iou_score": 0.8057718777408208,
        "accuracy": 0.996178522706032,
        "precision": 0.8790469553321599,
        "fscore": 0.888151554639141,
        "recall": 0.9071886037786802
    },
    "3": {
        "dice_loss": 0.14279268284638716,
        "iou_score": 0.8247808735817668,
        "accuracy": 0.9966831443210445,
        "precision": 0.8952661448468762,
        "fscore": 0.8999455583592255,
        "recall": 0.9145177669823175
    },
    "4": {
        "dice_loss": 0.10924047579367953,
        "iou_score": 0.8474952660501005,
        "accuracy": 0.9971469290554525,
        "precision": 0.9177403196692465,
        "fscore": 0.9157737982769808,
        "recall": 0.9189348516364892
    }
}