{"0": {"1": {"0": {"dice_loss": 0.80745310808898, "iou_score": 0.3287176183459589, "accuracy": 0.9096618112655003, "precision": 0.34436524532496754, "fscore": 0.41798911457757737, "recall": 0.9459637228109233}, "1": {"dice_loss": 0.49458704616309196, "iou_score": 0.5414759438073861, "accuracy": 0.9873845877582459, "precision": 0.6070755116278266, "fscore": 0.6196412752080125, "recall": 0.8805380760126097}, "2": {"dice_loss": 0.3603078032977849, "iou_score": 0.6045889098362129, "accuracy": 0.9902329766100944, "precision": 0.6816157460945095, "fscore": 0.6766208127649522, "recall": 0.8799800971703977}}, "2": {"0": {"dice_loss": 0.3995864787384085, "iou_score": 0.5312665232563796, "accuracy": 0.9907492187462361, "precision": 0.649998236644312, "fscore": 0.614914489677647, "recall": 0.8173258238481393}, "1": {"dice_loss": 0.38576192369586526, "iou_score": 0.5367733879762668, "accuracy": 0.9913802070445136, "precision": 0.6593878399591468, "fscore": 0.6228577238271987, "recall": 0.8101529308069293}, "2": {"dice_loss": 0.3848090420820213, "iou_score": 0.5440993674033733, "accuracy": 0.9919690215273902, "precision": 0.6765045797688322, "fscore": 0.6236735835912065, "recall": 0.8150090871822152}}, "3": {"0": {"dice_loss": 0.3517511427402497, "iou_score": 0.5620677930107164, "accuracy": 0.9915069583803413, "precision": 0.6882978190319419, "fscore": 0.6552707167714078, "recall": 0.7961799298834586}, "1": {"dice_loss": 0.3389024456962945, "iou_score": 0.5742241299912195, "accuracy": 0.9913609180599455, "precision": 0.7111520392542833, "fscore": 0.6678476315803928, "recall": 0.797845155019075}, "2": {"dice_loss": 0.3500913608819246, "iou_score": 0.573543041973908, "accuracy": 0.9914704457856713, "precision": 0.7071902049883431, "fscore": 0.6663990637712507, "recall": 0.7766128494906341}}, "4": {"0": {"dice_loss": 0.3200413209913226, "iou_score": 0.6026788541581706, "accuracy": 0.9923780966723916, "precision": 0.7191475037310836, "fscore": 0.6929685507312786, "recall": 0.8107274198549209}, "1": {"dice_loss": 0.319905613184459, "iou_score": 0.6092803878872408, "accuracy": 0.9931387475731402, "precision": 0.7831522474400975, "fscore": 0.6983547043822541, "recall": 0.7691973338885112}, "2": {"dice_loss": 0.2770580713453933, "iou_score": 0.6389891538481923, "accuracy": 0.9925962396374103, "precision": 0.7888480630922816, "fscore": 0.7313994887914065, "recall": 0.7978500721395525}}, "5": {"0": {"dice_loss": 0.2875202008053263, "iou_score": 0.6583303724648519, "accuracy": 0.9904729748985412, "precision": 0.827904551143887, "fscore": 0.7249208587575259, "recall": 0.7693772185490214}, "1": {"dice_loss": 0.2830334667083435, "iou_score": 0.6495208586120671, "accuracy": 0.9908540197442065, "precision": 0.8041606259073639, "fscore": 0.7209520162857518, "recall": 0.7990491023704583}, "2": {"dice_loss": 0.27514637109980106, "iou_score": 0.6568292885516236, "accuracy": 0.9902218449695975, "precision": 0.7639514079820525, "fscore": 0.7260136972602055, "recall": 0.8475789932073469}}, "6": {"0": {"dice_loss": 0.2494935889372088, "iou_score": 0.6876004853598975, "accuracy": 0.9930828709730359, "precision": 0.804561230728005, "fscore": 0.755331649305671, "recall": 0.8408537443530911}, "1": {"dice_loss": 0.29669708026868924, "iou_score": 0.6369612291958565, "accuracy": 0.9926824024326325, "precision": 0.7721061973667478, "fscore": 0.7057542432607041, "recall": 0.8288657961454499}, "2": {"dice_loss": 0.30518095298634834, "iou_score": 0.6258637913778571, "accuracy": 0.9920588875776968, "precision": 0.820610286256317, "fscore": 0.6995170364038403, "recall": 0.7656604767172995}}, "7": {"0": {"dice_loss": 0.3739486707189371, "iou_score": 0.5336598819959019, "accuracy": 0.9918109455773993, "precision": 0.723192929790527, "fscore": 0.6272028505962118, "recall": 0.7214894764087173}, "1": {"dice_loss": 0.38439416293109957, "iou_score": 0.5228421647226736, "accuracy": 0.9918913104065382, "precision": 0.6856587707477096, "fscore": 0.6145774841579397, "recall": 0.7484306802266855}, "2": {"dice_loss": 0.4137803506397545, "iou_score": 0.501432212904214, "accuracy": 0.9918621988931613, "precision": 0.615363882234374, "fscore": 0.5861659560519302, "recall": 0.7841369932803661}}, "8": {"0": {"dice_loss": 0.28642511473813975, "iou_score": 0.6365922127961675, "accuracy": 0.994463730706528, "precision": 0.8069516526295674, "fscore": 0.7163898763914011, "recall": 0.7785160352550768}, "1": {"dice_loss": 0.3347516489829946, "iou_score": 0.5884433896754924, "accuracy": 0.993209495021421, "precision": 0.8903275992486752, "fscore": 0.6679367051094657, "recall": 0.6642470200031342}, "2": {"dice_loss": 0.2922857250620723, "iou_score": 0.627151534030124, "accuracy": 0.9938017529225633, "precision": 0.8595106186484727, "fscore": 0.7077038181610613, "recall": 0.7312934555088648}}}, "1": {"1": {"0": {"dice_loss": 0.25764237141330926, "iou_score": 0.6739361077794315, "accuracy": 0.9941055616979935, "precision": 0.793409976033111, "fscore": 0.7430265943379273, "recall": 0.8373752869036641}, "1": {"dice_loss": 0.21987079692721803, "iou_score": 0.7060545691734611, "accuracy": 0.9936520306516715, "precision": 0.8610317107657236, "fscore": 0.7792256359967489, "recall": 0.8092612316441155}, "2": {"dice_loss": 0.2861738487904175, "iou_score": 0.6360597116937303, "accuracy": 0.9915738527876863, "precision": 0.9178904295664334, "fscore": 0.7138650010826733, "recall": 0.6869331524819716}}, "2": {"0": {"dice_loss": 0.3345961839352782, "iou_score": 0.5832045404497, "accuracy": 0.9924182723227302, "precision": 0.7925390664778738, "fscore": 0.6648454806521489, "recall": 0.7245651835777908}, "1": {"dice_loss": 0.31875343522743194, "iou_score": 0.6014190017316595, "accuracy": 0.992706469995411, "precision": 0.7282809487662835, "fscore": 0.6806844119470076, "recall": 0.8106077493360054}, "2": {"dice_loss": 0.3270415191195516, "iou_score": 0.6035210753859868, "accuracy": 0.9930921343988496, "precision": 0.736667790902384, "fscore": 0.6753653957871444, "recall": 0.7950341372272198}}, "3": {"0": {"dice_loss": 0.3157212608493868, "iou_score": 0.5942766420712224, "accuracy": 0.9922051575966186, "precision": 0.745038751882272, "fscore": 0.6850245076138771, "recall": 0.7920559748471931}, "1": {"dice_loss": 0.3339224291034042, "iou_score": 0.5793173269126606, "accuracy": 0.9924015747383245, "precision": 0.7437993816672086, "fscore": 0.6658080872502786, "recall": 0.7592640115674832}, "2": {"dice_loss": 0.32270175535231865, "iou_score": 0.5869923335910504, "accuracy": 0.9923637354746465, "precision": 0.8197445926113468, "fscore": 0.6779145877680357, "recall": 0.7113460158083126}}, "4": {"0": {"dice_loss": 0.2803642535789988, "iou_score": 0.6308609417827643, "accuracy": 0.9924001453130782, "precision": 0.7847609718999304, "fscore": 0.7191771621573121, "recall": 0.7811024692643487}, "1": {"dice_loss": 0.2655907987822869, "iou_score": 0.6488604283822308, "accuracy": 0.9926624490329748, "precision": 0.8186572891228034, "fscore": 0.7353820287609882, "recall": 0.7749836750607805}, "2": {"dice_loss": 0.2740778336660376, "iou_score": 0.6393301131656, "accuracy": 0.9929958087435596, "precision": 0.7981067638420104, "fscore": 0.7246816476240066, "recall": 0.7883824364979959}}, "5": {"0": {"dice_loss": 0.2746510848534844, "iou_score": 0.6537712290002607, "accuracy": 0.9910684522010585, "precision": 0.7879666102705035, "fscore": 0.7238923111066523, "recall": 0.8072130239660922}, "1": {"dice_loss": 0.2806837552152903, "iou_score": 0.6497492429733596, "accuracy": 0.9900834201711469, "precision": 0.7961593087339079, "fscore": 0.721065777139369, "recall": 0.8130364669259728}, "2": {"dice_loss": 0.26382673802101503, "iou_score": 0.6634955001893147, "accuracy": 0.9903413772055536, "precision": 0.8509181549580249, "fscore": 0.736813682912654, "recall": 0.7721807293307861}}, "6": {"0": {"dice_loss": 0.2883178363710441, "iou_score": 0.649669908724535, "accuracy": 0.9930559876781182, "precision": 0.8080448688441083, "fscore": 0.7165506212884495,