{"0": {"1": {"0": {"dice_loss": 0.5210437262430784, "iou_score": 0.6227790721459312, "accuracy": 0.9893009327352046, "precision": 0.6570359978359193, "fscore": 0.7548546891193838, "recall": 0.9335879763821141}, "1": {"dice_loss": 0.23338473401963714, "iou_score": 0.7588713891746012, "accuracy": 0.9950548205524682, "precision": 0.9037238620221613, "fscore": 0.841241884045303, "recall": 0.82505335327005}, "2": {"dice_loss": 0.14251790195703512, "iou_score": 0.8064770577475427, "accuracy": 0.9958568913862107, "precision": 0.8963327780365944, "fscore": 0.8841825327835977, "recall": 0.8968037660233676}}, "2": {"0": {"dice_loss": 0.19684877521113342, "iou_score": 0.7233987395704735, "accuracy": 0.9943585191902364, "precision": 0.8260135619650896, "fscore": 0.8155831325999374, "recall": 0.8187563787953835}, "1": {"dice_loss": 0.20213840352861498, "iou_score": 0.7077456682336325, "accuracy": 0.9941232863225434, "precision": 0.7928049584305746, "fscore": 0.8036360364215305, "recall": 0.8317103447690807}, "2": {"dice_loss": 0.1762084208036724, "iou_score": 0.7330722651987603, "accuracy": 0.9947304113915094, "precision": 0.8260999478995891, "fscore": 0.8283642342220131, "recall": 0.8487548514420467}}, "3": {"0": {"dice_loss": 0.13470154255628583, "iou_score": 0.7748068260028959, "accuracy": 0.9949045389890672, "precision": 0.8565815499983725, "fscore": 0.8667306851595639, "recall": 0.8893185809254648}, "1": {"dice_loss": 0.1866372026503086, "iou_score": 0.723945798189779, "accuracy": 0.9943114429712296, "precision": 0.8663961960468443, "fscore": 0.8139836789578474, "recall": 0.8181859022476057}, "2": {"dice_loss": 0.16732327491045001, "iou_score": 0.7477899896924035, "accuracy": 0.9949052162468432, "precision": 0.9138085514321813, "fscore": 0.8332152501924546, "recall": 0.8001981013511834}}, "4": {"0": {"dice_loss": 0.15022501830131776, "iou_score": 0.7619935456850745, "accuracy": 0.9958459936803385, "precision": 0.8559730951951496, "fscore": 0.8502002800731798, "recall": 0.861479512159716}, "1": {"dice_loss": 0.16814243024395364, "iou_score": 0.7425496869103524, "accuracy": 0.9954596382956351, "precision": 0.8568560440367058, "fscore": 0.8326435358367581, "recall": 0.8407142986836426}, "2": {"dice_loss": 0.15550899890161338, "iou_score": 0.7591369584225331, "accuracy": 0.9960129578267372, "precision": 0.8849919846942348, "fscore": 0.8448691172367595, "recall": 0.8485545308862457}}, "5": {"0": {"dice_loss": 0.15065294291291917, "iou_score": 0.76713105397626, "accuracy": 0.9926083396588056, "precision": 0.8824360572866032, "fscore": 0.8503317588148085, "recall": 0.8645873240068266}, "1": {"dice_loss": 0.14144490765673773, "iou_score": 0.7785854046904326, "accuracy": 0.9942376475249018, "precision": 0.9171431213617321, "fscore": 0.859034623419145, "recall": 0.8471000535153629}, "2": {"dice_loss": 0.1399215768490519, "iou_score": 0.7828044689133474, "accuracy": 0.9928700349160601, "precision": 0.8803762197494508, "fscore": 0.8604129664605993, "recall": 0.8830960201371705}}, "6": {"0": {"dice_loss": 0.26284790251936224, "iou_score": 0.6327732769515328, "accuracy": 0.995285432253565, "precision": 0.9641443618706292, "fscore": 0.7375581527936103, "recall": 0.6500985598466724}, "1": {"dice_loss": 0.19973152450152806, "iou_score": 0.6939148019469746, "accuracy": 0.9960120096802711, "precision": 0.9371030596750123, "fscore": 0.8013210211484032, "recall": 0.7344137653711124}, "2": {"dice_loss": 0.17011544747012008, "iou_score": 0.7316566146912856, "accuracy": 0.9965160616806575, "precision": 0.9369885027408598, "fscore": 0.8307947878329353, "recall": 0.776770417711831}}, "7": {"0": {"dice_loss": 0.2035582712141134, "iou_score": 0.6905283147904284, "accuracy": 0.9950997405133004, "precision": 0.7824969661840039, "fscore": 0.7962277587591043, "recall": 0.8581331443543395}, "1": {"dice_loss": 0.23354305251170013, "iou_score": 0.6542746396898231, "accuracy": 0.9942684668605608, "precision": 0.7192593110825107, "fscore": 0.7666887577817625, "recall": 0.8795472677036098}, "2": {"dice_loss": 0.24112966101048355, "iou_score": 0.6480388573242711, "accuracy": 0.9932755342984603, "precision": 0.7131123603489742, "fscore": 0.7590589230420486, "recall": 0.8829577474835808}}, "8": {"0": {"dice_loss": 0.1482425360452562, "iou_score": 0.7571687435819991, "accuracy": 0.9944492550123303, "precision": 0.8340984029429299, "fscore": 0.8519828664878059, "recall": 0.890535160189583}, "1": {"dice_loss": 0.21280075349504987, "iou_score": 0.6815867516268641, "accuracy": 0.9936803342804077, "precision": 0.8946599097005906, "fscore": 0.787311497544752, "recall": 0.7339928824289277}, "2": {"dice_loss": 0.13512680927912393, "iou_score": 0.7814205525424154, "accuracy": 0.9957067294726295, "precision": 0.8839836272077966, "fscore": 0.8652478976865963, "recall": 0.8586216422312615}}}, "1": {"1": {"0": {"dice_loss": 0.2240547193214297, "iou_score": 0.6781671888311396, "accuracy": 0.9932343112304806, "precision": 0.9550607688724995, "fscore": 0.7762396858306602, "recall": 0.6968212146312}, "1": {"dice_loss": 0.18011860363185409, "iou_score": 0.7311224357399622, "accuracy": 0.9942859476432206, "precision": 0.9593565315008162, "fscore": 0.8204042388242667, "recall": 0.7527059382700824}, "2": {"dice_loss": 0.33265156950801616, "iou_score": 0.5563835228680466, "accuracy": 0.9910267712548375, "precision": 0.9540730724111199, "fscore": 0.6679138689363673, "recall": 0.5714097962776499}}, "2": {"0": {"dice_loss": 0.21625963794557668, "iou_score": 0.6883304210959744, "accuracy": 0.9937413993634676, "precision": 0.7886519699075847, "fscore": 0.7842048713328764, "recall": 0.8007875350982053}, "1": {"dice_loss": 0.19827927100030998, "iou_score": 0.7096464583886916, "accuracy": 0.9943476695763437, "precision": 0.8042222265408931, "fscore": 0.8017635872640431, "recall": 0.8188186957302802}, "2": {"dice_loss": 0.3356801930226778, "iou_score": 0.542336836850899, "accuracy": 0.9915307148506768, "precision": 0.9075894906788369, "fscore": 0.6646987544877955, "recall": 0.5661788618109159}}, "3": {"0": {"dice_loss": 0.15384512990713115, "iou_score": 0.7571463473150271, "accuracy": 0.9949576810002327, "precision": 0.8763869397352989, "fscore": 0.8464947273963825, "recall": 0.8392658453492049}, "1": {"dice_loss": 0.1442056797444821, "iou_score": 0.7712422842641697, "accuracy": 0.9953480318188669, "precision": 0.8704284502215851, "fscore": 0.8560469307952898, "recall": 0.8604710707498315}, "2": {"dice_loss": 0.13330188095569612, "iou_score": 0.7814103314669839, "accuracy": 0.9954925119876861, "precision": 0.8930092461430948, "fscore": 0.8670979630218857, "recall": 0.8534486793038965}}, "4": {"0": {"dice_loss": 0.17855431091400883, "iou_score": 0.7249634196270502, "accuracy": 0.9945082087670604, "precision": 0.8090300188806923, "fscore": 0.8215675882824609, "recall": 0.8667369533112428}, "1": {"dice_loss": 0.18518675623401523, "iou_score": 0.714809426030658, "accuracy": 0.9948167156788612, "precision": 0.8943810610761564, "fscore": 0.8150946659088585, "recall": 0.7872588072235037}, "2": {"dice_loss": 0.13428534327014796, "iou_score": 0.7829304924017033, "accuracy": 0.9963851667219595, "precision": 0.866545775744665, "fscore": 0.8660090089888377, "recall": 0.8823511273772939}}, "5": {"0": {"dice_loss": 0.1555122552173479, "iou_score": 0.7603043940456562, "accuracy": 0.9925543953265462, "precision": 0.8996050959186898, "fscore": 0.8448139828236748, "recall": 0.8379930401493104}, "1": {"dice_loss": 0.16019352738346374, "iou_score": 0.7575300535459312, "accuracy": 0.9935779273509978, "precision": 0.909562282796417, "fscore": 0.8401961874755077, "recall": 0.8132068062473333}, "2": {"dice_loss": 0.14760726583855488, "iou_score": 0.7709571474370925, "accuracy": 0.9928673197116169, "precision": 0.8959075531789237, "fscore": 0.8530017212039369, "recall": 0.8514015094516243}}, "6": {"0": {"dice_loss": 0.2743711397051811, "iou_score": 0.6257918590237855, "accuracy": 0.9946963638067242, "precision": 0.938220847930227,