{"0": {"dice_loss": 0.8783201451199522, "iou_score": 0.2573512641629367}}