{
    "0": {
        "dice_loss": 0.7101832552071472,
        "iou_score": 0.4075903899098892
    },
    "1": {
        "dice_loss": 0.38486523846476384,
        "iou_score": 0.5879558142647416
    },
    "2": {
        "dice_loss": 0.35215467966076436,
        "iou_score": 0.5930540961910721
    },
    "3": {
        "dice_loss": 0.34012333202032646,
        "iou_score": 0.6011957923744173
    },
    "4": {
        "dice_loss": 0.30687861914049946,
        "iou_score": 0.6332453242059798
    },
    "5": {
        "dice_loss": 0.297076136954708,
        "iou_score": 0.6627582542507017
    },
    "6": {
        "dice_loss": 0.297957238343919,
        "iou_score": 0.66634556059573
    },
    "7": {
        "dice_loss": 0.27087552498041695,
        "iou_score": 0.706890648036644
    },
    "8": {
        "dice_loss": 0.2860779690207186,
        "iou_score": 0.6483892827497152
    },
    "9": {
        "dice_loss": 0.254096154310131,
        "iou_score": 0.6791272688236311
    },
    "10": {
        "dice_loss": 0.2629292762753052,
        "iou_score": 0.6612500267878713
    },
    "11": {
        "dice_loss": 0.27691687049025715,
        "iou_score": 0.6492843598247792
    },
    "12": {
        "dice_loss": 0.27089898151848985,
        "iou_score": 0.6546537562322171
    },
    "13": {
        "dice_loss": 0.24637062098695842,
        "iou_score": 0.6786387508407659
    },
    "14": {
        "dice_loss": 0.24398323301618394,
        "iou_score": 0.6851811930407203
    },
    "15": {
        "dice_loss": 0.21097803558504435,
        "iou_score": 0.716224115020197
    },
    "16": {
        "dice_loss": 0.2421642069371869,
        "iou_score": 0.686821090974955
    },
    "17": {
        "dice_loss": 0.23629918431988647,
        "iou_score": 0.6932618554718875
    },
    "18": {
        "dice_loss": 0.29881277973787784,
        "iou_score": 0.623679973861739
    },
    "19": {
        "dice_loss": 0.26284145680939786,
        "iou_score": 0.666100770468019
    },
    "20": {
        "dice_loss": 0.24259831024163334,
        "iou_score": 0.6857983802744446
    },
    "21": {
        "dice_loss": 0.25154131547980546,
        "iou_score": 0.6772173045624729
    },
    "22": {
        "dice_loss": 0.21119909727099853,
        "iou_score": 0.7161977309128177
    },
    "23": {
        "dice_loss": 0.2582795317308888,
        "iou_score": 0.6711320076823525
    },
    "24": {
        "dice_loss": 0.2216685153865648,
        "iou_score": 0.7067615185382335
    },
    "25": {
        "dice_loss": 0.22586283473770846,
        "iou_score": 0.7028661217117763
    },
    "26": {
        "dice_loss": 0.21520725144829364,
        "iou_score": 0.7164773836304532
    },
    "27": {
        "dice_loss": 0.22049342443288314,
        "iou_score": 0.7118194196070441
    },
    "28": {
        "dice_loss": 0.1883372979460604,
        "iou_score": 0.746091412301511
    },
    "29": {
        "dice_loss": 0.18725609305814955,
        "iou_score": 0.7474266674246611
    },
    "30": {
        "dice_loss": 0.17777808239628823,
        "iou_score": 0.7589054189825295
    },
    "31": {
        "dice_loss": 0.18294144047356628,
        "iou_score": 0.7514924723216903
    },
    "32": {
        "dice_loss": 0.1740113637813836,
        "iou_score": 0.7608128760790559
    },
    "33": {
        "dice_loss": 0.16074722078797718,
        "iou_score": 0.7786107116026718
    },
    "34": {
        "dice_loss": 0.18782959958226375,
        "iou_score": 0.7459609951239928
    },
    "35": {
        "dice_loss": 0.18323791325607036,
        "iou_score": 0.7501525243342082
    },
    "36": {
        "dice_loss": 0.18526399207650468,
        "iou_score": 0.7466948803683
    },
    "37": {
        "dice_loss": 0.17324853880211893,
        "iou_score": 0.7614957577567989
    },
    "38": {
        "dice_loss": 0.18410519522088797,
        "iou_score": 0.7534323236194578
    },
    "39": {
        "dice_loss": 0.1828535779770172,
        "iou_score": 0.7543515436555361
    }
}