{"0": {"dice_loss": 0.010793654620647429, "iou_score": 0.9787483081221581, "accuracy": 0.9996179540952047, "precision": 0.9896969502170881, "fscore": 0.989252071082592, "recall": 0.9888250584403675}, "1": {"dice_loss": 0.011136560638745624, "iou_score": 0.9780746226509415, "accuracy": 0.9996062666177752, "precision": 0.9894667088985443, "fscore": 0.9889061182737348, "recall": 0.9883676131566368}, "2": {"dice_loss": 0.010572221875190737, "iou_score": 0.9791773671905204, "accuracy": 0.999624418715636, "precision": 0.9899268815914789, "fscore": 0.9894718716541924, "recall": 0.989035876592}, "3": {"dice_loss": 0.010847715040047964, "iou_score": 0.9786647250254948, "accuracy": 0.9996216212709744, "precision": 0.9898306364814441, "fscore": 0.9892041881879173, "recall": 0.9886149014035863}, "4": {"dice_loss": 0.011513431370258334, "iou_score": 0.9773961409926416, "accuracy": 0.9995893597602845, "precision": 0.9889831001559893, "fscore": 0.9885289788246158, "recall": 0.9881506333748501}}