{"0": {"dice_loss": 0.010187780857086187, "iou_score": 0.9799137090643246, "accuracy": 0.9996420870224638, "precision": 0.9897107099493345, "fscore": 0.9898490662376088, "recall": 0.9900010824203489}, "1": {"dice_loss": 0.010618886848290758, "iou_score": 0.9790874630212785, "accuracy": 0.9996253371238709, "precision": 0.9894633973638216, "fscore": 0.989425985018412, "recall": 0.9894019400080044}, "2": {"dice_loss": 0.010089163978894557, "iou_score": 0.9801115319132807, "accuracy": 0.9996473307410876, "precision": 0.9899392267068226, "fscore": 0.9899496967593829, "recall": 0.9899704004327458}, "3": {"dice_loss": 0.011745601892471308, "iou_score": 0.9769574736555419, "accuracy": 0.9995806554953256, "precision": 0.9881361529231074, "fscore": 0.9882908200224239, "recall": 0.988535715639591}, "4": {"dice_loss": 0.012233905494213103, "iou_score": 0.9760847737391789, "accuracy": 0.9995703627665837, "precision": 0.9874887332320212, "fscore": 0.9878143797318142, "recall": 0.988297474881013}}