{"0": {"dice_loss": 0.00995123833417892, "iou_score": 0.9804031739632291, "accuracy": 0.9996450131138168, "precision": 0.9904543638229371, "fscore": 0.9900966564814251, "recall": 0.9897616232434912}, "1": {"dice_loss": 0.0109943042198817, "iou_score": 0.978333905835946, "accuracy": 0.9996086463332177, "precision": 0.989502367377281, "fscore": 0.9890392248829203, "recall": 0.9885969102382661}, "2": {"dice_loss": 0.010119218627611793, "iou_score": 0.9800552914539972, "accuracy": 0.9996410528818763, "precision": 0.9902761568625769, "fscore": 0.9899192015329997, "recall": 0.9895747423171993}, "3": {"dice_loss": 0.009415617088476819, "iou_score": 0.9814454158147173, "accuracy": 0.9996652185916903, "precision": 0.9909626071651779, "fscore": 0.9906287367145221, "recall": 0.9903135413924854}, "4": {"dice_loss": 0.009401239454746248, "iou_score": 0.9814869811137519, "accuracy": 0.9996705338358878, "precision": 0.9910388971368475, "fscore": 0.990646937986215, "recall": 0.9902715310454365}}