{"0": {"dice_loss": 0.1689698732735818, "iou_score": 0.7125912418490962, "accuracy": 0.9781945722493512, "precision": 0.8326760751810689, "fscore": 0.8310520851124098, "recall": 0.8309394161255036}, "1": {"dice_loss": 0.16035397429215278, "iou_score": 0.7250273462973142, "accuracy": 0.9797747279816906, "precision": 0.8425507988148959, "fscore": 0.8396697982012878, "recall": 0.8379804457140242}, "2": {"dice_loss": 0.1580014134708205, "iou_score": 0.7286094486364847, "accuracy": 0.9798970931803268, "precision": 0.8471007010741539, "fscore": 0.842025796572368, "recall": 0.8384653624386814}, "3": {"dice_loss": 0.15235151533494923, "iou_score": 0.7367662559127245, "accuracy": 0.9804046054681149, "precision": 0.8497888783962407, "fscore": 0.8476748707001663, "recall": 0.8464645391319232}, "4": {"dice_loss": 0.1544515753698628, "iou_score": 0.7337643777766423, "accuracy": 0.9802881679688281, "precision": 0.8488546979357628, "fscore": 0.8455682001267264, "recall": 0.8434659303628909}}