{"0": {"dice_loss": 0.2247207445359369, "iou_score": 0.6377545620440047, "accuracy": 0.9709066398311074, "precision": 0.7743473189790347, "fscore": 0.7761678124903238, "recall": 0.7836581295170977}, "1": {"dice_loss": 0.19935134715504124, "iou_score": 0.6700621432902518, "accuracy": 0.9743471929901522, "precision": 0.8020861335316599, "fscore": 0.8010216099128392, "recall": 0.8026145661783498}, "2": {"dice_loss": 0.19695050099439784, "iou_score": 0.6732589863894282, "accuracy": 0.9745727542199581, "precision": 0.801401446350136, "fscore": 0.8033533831785994, "recall": 0.8078773107096475}, "3": {"dice_loss": 0.19508865057376396, "iou_score": 0.6760281448127233, "accuracy": 0.9751460635871214, "precision": 0.8058346536075858, "fscore": 0.8051375718841773, "recall": 0.8070358176503263}, "4": {"dice_loss": 0.18936080298228566, "iou_score": 0.6840212421807628, "accuracy": 0.9755677617432782, "precision": 0.8079903725295043, "fscore": 0.810833295186361, "recall": 0.8160581128639094}}