{"0": {"dice_loss": 0.07794161438941956, "iou_score": 0.8581408639748892, "accuracy": 0.9969300051530198, "precision": 0.9257168173789977, "fscore": 0.9222146168351172, "recall": 0.921569369236628}, "1": {"dice_loss": 0.04984648277362189, "iou_score": 0.9065232346455252, "accuracy": 0.9981999158859252, "precision": 0.9466004237532616, "fscore": 0.9502481907606124, "recall": 0.9547663271427157}, "2": {"dice_loss": 0.03633970816930138, "iou_score": 0.9309558744231856, "accuracy": 0.998722366988659, "precision": 0.9670407876372338, "fscore": 0.9637375469009081, "recall": 0.9611179555455844}, "3": {"dice_loss": 0.0325939103960991, "iou_score": 0.9379963273803391, "accuracy": 0.9988534336288774, "precision": 0.9688041393955548, "fscore": 0.9674558718999229, "recall": 0.9668290585279465}, "4": {"dice_loss": 0.03090978314479192, "iou_score": 0.9411158586541811, "accuracy": 0.9989093209306399, "precision": 0.9699247241020201, "fscore": 0.9691440239548683, "recall": 0.96907184223334}, "5": {"dice_loss": 0.025344704588254295, "iou_score": 0.951553149521351, "accuracy": 0.9991085857152937, "precision": 0.9733419547478358, "fscore": 0.9746904989083603, "recall": 0.9766514897346497}, "6": {"dice_loss": 0.02326708137989044, "iou_score": 0.9553759977221488, "accuracy": 0.9991898983716966, "precision": 0.97838454246521, "fscore": 0.9767768879731497, "recall": 0.975692465901375}, "7": {"dice_loss": 0.02277613828579584, "iou_score": 0.956409381330013, "accuracy": 0.9992149362961454, "precision": 0.9784408703446388, "fscore": 0.9772599245111147, "recall": 0.9765641247232753}, "8": {"dice_loss": 0.021873163183530168, "iou_score": 0.9580709387858707, "accuracy": 0.99924631814162, "precision": 0.9811266655723254, "fscore": 0.9781686663627623, "recall": 0.9757515629132589}, "9": {"dice_loss": 0.026522839566071838, "iou_score": 0.949403053025405, "accuracy": 0.9990557814637819, "precision": 0.9699253643552463, "fscore": 0.9735123758514721, "recall": 0.9780175089836116}}