{"0": {"dice_loss": 0.9813403487205505, "iou_score": 0.07512826402671635}, "1": {"dice_loss": 0.9558582305908203, "iou_score": 0.2025991603732109}}