{"0": {"dice_loss": 0.8458815813064575, "iou_score": 0.4741634577512741}, "1": {"dice_loss": 0.7236408293247223, "iou_score": 0.6075643748044968}}