{"0": {"dice_loss": 0.03606086061355913, "iou_score": 0.9307071151631939, "accuracy": 0.9865592155557992, "precision": 0.9677191828666838, "fscore": 0.963954961198442, "recall": 0.9604419475920656}, "1": {"dice_loss": 0.03413535326085187, "iou_score": 0.9344316001648596, "accuracy": 0.9874177890635553, "precision": 0.9700204063983674, "fscore": 0.9658808382521296, "recall": 0.9621342424128921}, "2": {"dice_loss": 0.0324860666660552, "iou_score": 0.9373572155262563, "accuracy": 0.9878367863310145, "precision": 0.9712504468065627, "fscore": 0.9675302757608131, "recall": 0.9640317781428066}, "3": {"dice_loss": 0.03214135362746873, "iou_score": 0.9380541271351738, "accuracy": 0.988063160003501, "precision": 0.971798856512029, "fscore": 0.9678743383224976, "recall": 0.9642171179487359}, "4": {"dice_loss": 0.031722937746250846, "iou_score": 0.9388097298398921, "accuracy": 0.9881808676618216, "precision": 0.9722513886715509, "fscore": 0.96829344130577, "recall": 0.9645736148509573}}