{"0": {"dice_loss": 0.2609598012888323, "iou_score": 0.6690546335980478}, "1": {"dice_loss": 0.2868132422455645, "iou_score": 0.6404511465595826}, "2": {"dice_loss": 0.27713390327660375, "iou_score": 0.646062347246969}, "3": {"dice_loss": 0.2504510354679243, "iou_score": 0.6744110577479137}, "4": {"dice_loss": 0.23445304740319212, "iou_score": 0.6981046291378603}}