{"0": {"dice_loss": 0.2746510848534844, "iou_score": 0.6537712290002607, "accuracy": 0.9910684522010585, "precision": 0.7879666102705035, "fscore": 0.7238923111066523, "recall": 0.8072130239660922}, "1": {"dice_loss": 0.2806837552152903, "iou_score": 0.6497492429733596, "accuracy": 0.9900834201711469, "precision": 0.7961593087339079, "fscore": 0.721065777139369, "recall": 0.8130364669259728}, "2": {"dice_loss": 0.26382673802101503, "iou_score": 0.6634955001893147, "accuracy": 0.9903413772055536, "precision": 0.8509181549580249, "fscore": 0.736813682912654, "recall": 0.7721807293307861}}