{
    "0": {
        "dice_loss": 0.878930751234293,
        "iou_score": 0.21663683955557647
    },
    "1": {
        "dice_loss": 0.8310530781745911,
        "iou_score": 0.5132942153140901
    },
    "2": {
        "dice_loss": 0.8145490027964115,
        "iou_score": 0.6516338922083378
    },
    "3": {
        "dice_loss": 0.767079956829548,
        "iou_score": 0.5625797100365162
    },
    "4": {
        "dice_loss": 0.7472386546432972,
        "iou_score": 0.6252632848918438
    }
}