{"0": {"dice_loss": 0.927420787513256, "iou_score": 0.03541193637647666}, "1": {"dice_loss": 0.9171405397355556, "iou_score": 0.061757124902214855}, "2": {"dice_loss": 0.9122589640319347, "iou_score": 0.08296123216859996}, "3": {"dice_loss": 0.9051057323813437, "iou_score": 0.17736735055223107}, "4": {"dice_loss": 0.9023900702595711, "iou_score": 0.40060220565646887}}