{"0": {"1": {"0": {"dice_loss": 0.9415329098701477, "iou_score": 0.029615560546517372}, "1": {"dice_loss": 0.9372851848602295, "iou_score": 0.029618634842336178}}, "2": {"0": {"dice_loss": 0.9397852718830109, "iou_score": 0.028159426525235176}, "1": {"dice_loss": 0.9343835413455963, "iou_score": 0.028628790751099586}}, "3": {"0": {"dice_loss": 0.9761086106300354, "iou_score": 0.009604116436094046}, "1": {"dice_loss": 0.9756256937980652, "iou_score": 0.00964479148387909}}, "4": {"0": {"dice_loss": 0.9673786759376526, "iou_score": 0.011939499527215958}, "1": {"dice_loss": 0.968022495508194, "iou_score": 0.011984769720584154}}, "5": {"0": {"dice_loss": 0.9444307088851929, "iou_score": 0.021673908457159996}, "1": {"dice_loss": 0.9435493350028992, "iou_score": 0.022082178853452206}}, "6": {"0": {"dice_loss": 0.9618480205535889, "iou_score": 0.0146939717233181}, "1": {"dice_loss": 0.9614720642566681, "iou_score": 0.015217033680528402}}, "7": {"0": {"dice_loss": 0.9271020591259003, "iou_score": 0.030393620021641254}, "1": {"dice_loss": 0.9180016219615936, "iou_score": 0.03324185684323311}}, "8": {"0": {"dice_loss": 0.9153057634830475, "iou_score": 0.03653286397457123}, "1": {"dice_loss": 0.9102784097194672, "iou_score": 0.04235318209975958}}}, "1": {"1": {"0": {"dice_loss": 0.8930993676185608, "iou_score": 0.06987659260630608}, "1": {"dice_loss": 0.8899607062339783, "iou_score": 0.07762689888477325}}, "2": {"0": {"dice_loss": 0.8985496163368225, "iou_score": 0.05754561349749565}, "1": {"dice_loss": 0.8992615640163422, "iou_score": 0.057335369288921356}}, "3": {"0": {"dice_loss": 0.9653535485267639, "iou_score": 0.016526645980775356}, "1": {"dice_loss": 0.9652512967586517, "iou_score": 0.017313647083938122}}, "4": {"0": {"dice_loss": 0.9558802843093872, "iou_score": 0.023768603801727295}, "1": {"dice_loss": 0.955173909664154, "iou_score": 0.0256423382088542}}, "5": {"0": {"dice_loss": 0.910028874874115, "iou_score": 0.09348539263010025}, "1": {"dice_loss": 0.9099585711956024, "iou_score": 0.09472474083304405}}, "6": {"0": {"dice_loss": 0.9461948275566101, "iou_score": 0.041247809305787086}, "1": {"dice_loss": 0.9454680681228638, "iou_score": 0.03920550458133221}}, "7": {"0": {"dice_loss": 0.8997132778167725, "iou_score": 0.057213522493839264}, "1": {"dice_loss": 0.899751216173172, "iou_score": 0.05954654514789581}}, "8": {"0": {"dice_loss": 0.8989481031894684, "iou_score": 0.06536746956408024}, "1": {"dice_loss": 0.8980042636394501, "iou_score": 0.0669784601777792}}}, "2": {"1": {"0": {"dice_loss": 0.8870397210121155, "iou_score": 0.09659488871693611}, "1": {"dice_loss": 0.8860608637332916, "iou_score": 0.1004510410130024}}, "2": {"0": {"dice_loss": 0.8886085152626038, "iou_score": 0.09125752374529839}, "1": {"dice_loss": 0.8897391855716705, "iou_score": 0.08770419657230377}}, "3": {"0": {"dice_loss": 0.9658975005149841, "iou_score": 0.021874988451600075}, "1": {"dice_loss": 0.9662075936794281, "iou_score": 0.02109307236969471}}, "4": {"0": {"dice_loss": 0.9548847079277039, "iou_score": 0.03693896159529686}, "1": {"dice_loss": 0.9529216289520264, "iou_score": 0.039432212710380554}}, "5": {"0": {"dice_loss": 0.909159779548645, "iou_score": 0.08521071821451187}, "1": {"dice_loss": 0.9170060753822327, "iou_score": 0.06732230074703693}}, "6": {"0": {"dice_loss": 0.9465644359588623, "iou_score": 0.04071167670190334}, "1": {"dice_loss": 0.9455677270889282, "iou_score": 0.041844986379146576}}, "7": {"0": {"dice_loss": 0.9067412912845612, "iou_score": 0.04968008119612932}, "1": {"dice_loss": 0.9051370322704315, "iou_score": 0.052879320457577705}}, "8": {"0": {"dice_loss": 0.8940106630325317, "iou_score": 0.0902667585760355}, "1": {"dice_loss": 0.8918100595474243, "iou_score": 0.10350747592747211}}}, "3": {"1": {"0": {"dice_loss": 0.8677998185157776, "iou_score": 0.15318643301725388}, "1": {"dice_loss": 0.8708079159259796, "iou_score": 0.1529238522052765}}, "2": {"0": {"dice_loss": 0.8859034776687622, "iou_score": 0.10334956645965576}, "1": {"dice_loss": 0.8897885680198669, "iou_score": 0.09269718453288078}}, "3": {"0": {"dice_loss": 0.9620246887207031, "iou_score": 0.0451023168861866}, "1": {"dice_loss": 0.9634508192539215, "iou_score": 0.0471213199198246}}, "4": {"0": {"dice_loss": 0.9480132758617401, "iou_score": 0.08480006456375122}, "1": {"dice_loss": 0.9479289054870605, "iou_score": 0.09376874938607216}}, "5": {"0": {"dice_loss": 0.891164243221283, "iou_score": 0.2116214632987976}, "1": {"dice_loss": 0.8926500380039215, "iou_score": 0.21086466312408447}}, "6": {"0": {"dice_loss": 0.9364284574985504, "iou_score": 0.1248285286128521}, "1": {"dice_loss": 0.9366709887981415, "iou_score": 0.13480503112077713}}, "7": {"0": {"dice_loss": 0.8959383368492126, "iou_score": 0.17512647062540054}, "1": {"dice_loss": 0.8970518708229065, "iou_score": 0.1742822676897049}}, "8": {"0": {"dice_loss": 0.8876869082450867, "iou_score": 0.24123835563659668}, "1": {"dice_loss": 0.884545773267746, "iou_score": 0.24110520631074905}}}, "4": {"1": {"0": {"dice_loss": 0.8644046783447266, "iou_score": 0.3085843473672867}, "1": {"dice_loss": 0.8733299672603607, "iou_score": 0.3123025596141815}}, "2": {"0": {"dice_loss": 0.8789812922477722, "iou_score": 0.2672736570239067}, "1": {"dice_loss": 0.8775455355644226, "iou_score": 0.2731376215815544}}, "3": {"0": {"dice_loss": 0.9583633542060852, "iou_score": 0.09998788684606552}, "1": {"dice_loss": 0.9591019451618195, "iou_score": 0.08949796482920647}}, "4": {"0": {"dice_loss": 0.9452667534351349, "iou_score": 0.2323579490184784}, "1": {"dice_loss": 0.9451959133148193, "iou_score": 0.26907307654619217}}, "5": {"0": {"dice_loss": 0.8874927163124084, "iou_score": 0.3991294503211975}, "1": {"dice_loss": 0.8857433199882507, "iou_score": 0.4342717379331589}}, "6": {"0": {"dice_loss": 0.9338285624980927, "iou_score": 0.3398551940917969}, "1": {"dice_loss": 0.9333002269268036, "iou_score": 0.3055185377597809}}, "7": {"0": {"dice_loss": 0.8884532451629639, "iou_score": 0.42933742702007294}, "1": {"dice_loss": 0.8943818509578705, "iou_score": 0.4454370588064194}}, "8": {"0": {"dice_loss": 0.8839773833751678, "iou_score": 0.505963534116745}, "1": {"dice_loss": 0.8828590512275696, "iou_score": 0.5149042159318924}}}}