{"0": {"1": {"0": {"dice_loss": 0.9944511651992798, "iou_score": 0.002568945988930573}, "1": {"dice_loss": 0.9493984580039978, "iou_score": 0.027593193577670736}}, "2": {"0": {"dice_loss": 0.9641995429992676, "iou_score": 0.03858210891675357}, "1": {"dice_loss": 0.9706787467002869, "iou_score": 0.03857495635905004}}, "3": {"0": {"dice_loss": 0.9725340604782104, "iou_score": 0.016920318361371756}, "1": {"dice_loss": 0.9715458154678345, "iou_score": 0.03216965403407812}}, "4": {"0": {"dice_loss": 0.9655443429946899, "iou_score": 0.037006773056104246}, "1": {"dice_loss": 0.9848283529281616, "iou_score": 0.022053232418248806}}, "5": {"0": {"dice_loss": 0.870600700378418, "iou_score": 0.18439394980669022}, "1": {"dice_loss": 0.8876032829284668, "iou_score": 0.17318738251924515}}, "6": {"0": {"dice_loss": 0.9801491796970367, "iou_score": 0.02792974468320608}, "1": {"dice_loss": 0.9903926849365234, "iou_score": 0.012137086132522311}}, "7": {"0": {"dice_loss": 0.9079354703426361, "iou_score": 0.15832789987325668}, "1": {"dice_loss": 0.9021503925323486, "iou_score": 0.1827632114291191}}, "8": {"0": {"dice_loss": 0.9703255891799927, "iou_score": 0.05063421651721001}, "1": {"dice_loss": 0.883049875497818, "iou_score": 0.2043391615177365}}}, "1": {"1": {"0": {"dice_loss": 0.9705615043640137, "iou_score": 0.0490721482783556}, "1": {"dice_loss": 0.887090265750885, "iou_score": 0.23952849209493604}}, "2": {"0": {"dice_loss": 0.9617405533790588, "iou_score": 0.05903592077083886}, "1": {"dice_loss": 0.9999842345714569, "iou_score": 2.7861836102149873e-12}}, "3": {"0": {"dice_loss": 0.9438975751399994, "iou_score": 0.07963700778782368}, "1": {"dice_loss": 0.8627294898033142, "iou_score": 0.2816639319062233}}, "4": {"0": {"dice_loss": 0.9576939642429352, "iou_score": 0.09708812833080278}, "1": {"dice_loss": 0.888273298740387, "iou_score": 0.2073343098192309}}, "5": {"0": {"dice_loss": 0.9097526371479034, "iou_score": 0.13132219947874546}, "1": {"dice_loss": 0.784204512834549, "iou_score": 0.528769850730896}}, "6": {"0": {"dice_loss": 0.987328827381134, "iou_score": 0.029774488885885415}, "1": {"dice_loss": 0.9999803006649017, "iou_score": 1.2788120822698756e-11}}, "7": {"0": {"dice_loss": 0.9270945489406586, "iou_score": 0.2323230430483818}, "1": {"dice_loss": 0.8937929570674896, "iou_score": 0.420013003051281}}, "8": {"0": {"dice_loss": 0.9131255447864532, "iou_score": 0.3071595132415891}, "1": {"dice_loss": 0.8571766912937164, "iou_score": 0.3984597399830818}}}, "2": {"1": {"0": {"dice_loss": 0.9561557769775391, "iou_score": 0.11828248948294275}, "1": {"dice_loss": 0.9203901290893555, "iou_score": 0.27825092963757925}}, "2": {"0": {"dice_loss": 0.9065848588943481, "iou_score": 0.20339500159025192}, "1": {"dice_loss": 0.9645090401172638, "iou_score": 0.061755800154060125}}, "3": {"0": {"dice_loss": 0.9198930859565735, "iou_score": 0.13338882476091385}, "1": {"dice_loss": 0.8693643510341644, "iou_score": 0.31607531011104584}}, "4": {"0": {"dice_loss": 0.981359452009201, "iou_score": 0.03212584928114942}, "1": {"dice_loss": 0.906113475561142, "iou_score": 0.263180077079518}}, "5": {"0": {"dice_loss": 0.9141309857368469, "iou_score": 0.3081496655985917}, "1": {"dice_loss": 0.8089850544929504, "iou_score": 0.49271804094314575}}, "6": {"0": {"dice_loss": 0.9651215076446533, "iou_score": 0.07839731485728407}, "1": {"dice_loss": 0.9949154257774353, "iou_score": 0.01941287891274816}}, "7": {"0": {"dice_loss": 0.9105545580387115, "iou_score": 0.2650901377251151}, "1": {"dice_loss": 0.9111087024211884, "iou_score": 0.29590374231910516}}, "8": {"0": {"dice_loss": 0.8980692923069, "iou_score": 0.31984299421310425}, "1": {"dice_loss": 0.730177104473114, "iou_score": 0.7112479507923126}}}, "3": {"1": {"0": {"dice_loss": 0.8328157067298889, "iou_score": 0.27559858561014294}, "1": {"dice_loss": 0.9232348501682281, "iou_score": 0.3673113286495209}}, "2": {"0": {"dice_loss": 0.9928081035614014, "iou_score": 0.008393648779019713}, "1": {"dice_loss": 0.8588277697563171, "iou_score": 0.2556562721763108}}, "3": {"0": {"dice_loss": 0.8489534556865692, "iou_score": 0.29533956199884415}, "1": {"dice_loss": 0.9218147993087769, "iou_score": 0.21050089598106034}}, "4": {"0": {"dice_loss": 0.9589205384254456, "iou_score": 0.19477273942902684}, "1": {"dice_loss": 0.8915442824363708, "iou_score": 0.2868885968346149}}, "5": {"0": {"dice_loss": 0.7001738548278809, "iou_score": 0.7459949254989624}, "1": {"dice_loss": 0.7036499977111816, "iou_score": 0.5892766416072845}}, "6": {"0": {"dice_loss": 0.9999694228172302, "iou_score": 1.2629378012135595e-11}, "1": {"dice_loss": 0.9294334352016449, "iou_score": 0.15948288142681122}}, "7": {"0": {"dice_loss": 0.8083979487419128, "iou_score": 0.42653651162981987}, "1": {"dice_loss": 0.8484975397586823, "iou_score": 0.486450657248497}}, "8": {"0": {"dice_loss": 0.8844990432262421, "iou_score": 0.256027251498671}, "1": {"dice_loss": 0.992082267999649, "iou_score": 0.0239904467064777}}}, "4": {"1": {"0": {"dice_loss": 0.7554729580879211, "iou_score": 0.6811454594135284}, "1": {"dice_loss": 0.7100118100643158, "iou_score": 0.6632457077503204}}, "2": {"0": {"dice_loss": 0.7931864261627197, "iou_score": 0.330011747777462}, "1": {"dice_loss": 0.7817667722702026, "iou_score": 0.3637083470895796}}, "3": {"0": {"dice_loss": 0.7795489132404327, "iou_score": 0.5891672819852829}, "1": {"dice_loss": 0.745115339756012, "iou_score": 0.6006672382354736}}, "4": {"0": {"dice_loss": 0.9386850297451019, "iou_score": 0.14275814593288252}, "1": {"dice_loss": 0.7971674501895905, "iou_score": 0.38184177875813247}}, "5": {"0": {"dice_loss": 0.7039863467216492, "iou_score": 0.6938973069190979}, "1": {"dice_loss": 0.6684122085571289, "iou_score": 0.7326545715332031}}, "6": {"0": {"dice_loss": 0.9862500727176666, "iou_score": 0.02974527516054889}, "1": {"dice_loss": 0.8944461941719055, "iou_score": 0.2930912896990776}}, "7": {"0": {"dice_loss": 0.7512626647949219, "iou_score": 0.703102320432663}, "1": {"dice_loss": 0.839449554681778, "iou_score": 0.6483358144760132}}, "8": {"0": {"dice_loss": 0.8458815813064575, "iou_score": 0.4741634577512741}, "1": {"dice_loss": 0.7236408293247223, "iou_score": 0.6075643748044968}}}}