{"0": {"1": {"0": {"dice_loss": 0.9483543336391449, "iou_score": 0.011070584878325462}, "1": {"dice_loss": 0.9426298439502716, "iou_score": 0.01605224423110485}}, "2": {"0": {"dice_loss": 0.9501368403434753, "iou_score": 0.015320929698646069}, "1": {"dice_loss": 0.9495757818222046, "iou_score": 0.01813120348379016}}, "3": {"0": {"dice_loss": 0.9783099591732025, "iou_score": 0.018934848718345165}, "1": {"dice_loss": 0.9767242670059204, "iou_score": 0.029174751602113247}}, "4": {"0": {"dice_loss": 0.9717386662960052, "iou_score": 0.033383714966475964}, "1": {"dice_loss": 0.9642963707447052, "iou_score": 0.056111956015229225}}, "5": {"0": {"dice_loss": 0.914899080991745, "iou_score": 0.10242008045315742}, "1": {"dice_loss": 0.9054883420467377, "iou_score": 0.10574230924248695}}, "6": {"0": {"dice_loss": 0.9203934967517853, "iou_score": 0.1612776443362236}, "1": {"dice_loss": 0.9144400656223297, "iou_score": 0.1854182407259941}}, "7": {"0": {"dice_loss": 0.8456010222434998, "iou_score": 0.23690976202487946}, "1": {"dice_loss": 0.8357380926609039, "iou_score": 0.2715857923030853}}, "8": {"0": {"dice_loss": 0.859353244304657, "iou_score": 0.23048776015639305}, "1": {"dice_loss": 0.8579633235931396, "iou_score": 0.23845086619257927}}}, "1": {"1": {"0": {"dice_loss": 0.8373216390609741, "iou_score": 0.4595619738101959}, "1": {"dice_loss": 0.8319597840309143, "iou_score": 0.44990935921669006}}, "2": {"0": {"dice_loss": 0.8664004504680634, "iou_score": 0.12552037462592125}, "1": {"dice_loss": 0.8724244236946106, "iou_score": 0.11842883750796318}}, "3": {"0": {"dice_loss": 0.9403017461299896, "iou_score": 0.2574031874537468}, "1": {"dice_loss": 0.9382686614990234, "iou_score": 0.3389631062746048}}, "4": {"0": {"dice_loss": 0.9267106652259827, "iou_score": 0.36667749285697937}, "1": {"dice_loss": 0.931436151266098, "iou_score": 0.3665192574262619}}, "5": {"0": {"dice_loss": 0.8603569269180298, "iou_score": 0.2175256833434105}, "1": {"dice_loss": 0.8901571929454803, "iou_score": 0.09590338170528412}}, "6": {"0": {"dice_loss": 0.9142902195453644, "iou_score": 0.13131553679704666}, "1": {"dice_loss": 0.9075971245765686, "iou_score": 0.19443517178297043}}, "7": {"0": {"dice_loss": 0.8257253766059875, "iou_score": 0.3201592415571213}, "1": {"dice_loss": 0.8240710198879242, "iou_score": 0.3297272175550461}}, "8": {"0": {"dice_loss": 0.8108709454536438, "iou_score": 0.5724266022443771}, "1": {"dice_loss": 0.7936201393604279, "iou_score": 0.6130276024341583}}}, "2": {"1": {"0": {"dice_loss": 0.7888731956481934, "iou_score": 0.35198305547237396}, "1": {"dice_loss": 0.7788377404212952, "iou_score": 0.42709457874298096}}, "2": {"0": {"dice_loss": 0.8136607706546783, "iou_score": 0.2756166160106659}, "1": {"dice_loss": 0.8161181509494781, "iou_score": 0.23482241481542587}}, "3": {"0": {"dice_loss": 0.9082320928573608, "iou_score": 0.6223957240581512}, "1": {"dice_loss": 0.9099481403827667, "iou_score": 0.6231309175491333}}, "4": {"0": {"dice_loss": 0.885066032409668, "iou_score": 0.5824853479862213}, "1": {"dice_loss": 0.8935602605342865, "iou_score": 0.613235741853714}}, "5": {"0": {"dice_loss": 0.7905267775058746, "iou_score": 0.7798371613025665}, "1": {"dice_loss": 0.7883120179176331, "iou_score": 0.7672783136367798}}, "6": {"0": {"dice_loss": 0.8414296805858612, "iou_score": 0.7608201205730438}, "1": {"dice_loss": 0.8477572202682495, "iou_score": 0.7642138302326202}}, "7": {"0": {"dice_loss": 0.7599984407424927, "iou_score": 0.6971330046653748}, "1": {"dice_loss": 0.7558160424232483, "iou_score": 0.6891072392463684}}, "8": {"0": {"dice_loss": 0.8449994623661041, "iou_score": 0.5503799915313721}, "1": {"dice_loss": 0.7975345551967621, "iou_score": 0.7022472321987152}}}, "3": {"1": {"0": {"dice_loss": 0.7450841665267944, "iou_score": 0.5783493220806122}, "1": {"dice_loss": 0.7360396087169647, "iou_score": 0.5838114619255066}}, "2": {"0": {"dice_loss": 0.7632028460502625, "iou_score": 0.5140546262264252}, "1": {"dice_loss": 0.7699792683124542, "iou_score": 0.4235831946134567}}, "3": {"0": {"dice_loss": 0.8870324492454529, "iou_score": 0.642445981502533}, "1": {"dice_loss": 0.8948296010494232, "iou_score": 0.24202155321836472}}, "4": {"0": {"dice_loss": 0.8547143340110779, "iou_score": 0.5149893760681152}, "1": {"dice_loss": 0.8544256091117859, "iou_score": 0.603365570306778}}, "5": {"0": {"dice_loss": 0.7505519390106201, "iou_score": 0.6905803680419922}, "1": {"dice_loss": 0.7433108687400818, "iou_score": 0.7377242743968964}}, "6": {"0": {"dice_loss": 0.8264377415180206, "iou_score": 0.5980746746063232}, "1": {"dice_loss": 0.8266583383083344, "iou_score": 0.7468607127666473}}, "7": {"0": {"dice_loss": 0.7022700309753418, "iou_score": 0.7254146635532379}, "1": {"dice_loss": 0.7120814621448517, "iou_score": 0.7238102853298187}}, "8": {"0": {"dice_loss": 0.7306683659553528, "iou_score": 0.7366929948329926}, "1": {"dice_loss": 0.7171648144721985, "iou_score": 0.7080363929271698}}}, "4": {"1": {"0": {"dice_loss": 0.6900473535060883, "iou_score": 0.5529743731021881}, "1": {"dice_loss": 0.6900547742843628, "iou_score": 0.5663788914680481}}, "2": {"0": {"dice_loss": 0.7435190975666046, "iou_score": 0.45075254142284393}, "1": {"dice_loss": 0.7477397322654724, "iou_score": 0.48827001452445984}}, "3": {"0": {"dice_loss": 0.8814195096492767, "iou_score": 0.6502629220485687}, "1": {"dice_loss": 0.8728465437889099, "iou_score": 0.641787201166153}}, "4": {"0": {"dice_loss": 0.8612781167030334, "iou_score": 0.5824056416749954}, "1": {"dice_loss": 0.8449104428291321, "iou_score": 0.6244971603155136}}, "5": {"0": {"dice_loss": 0.7035081684589386, "iou_score": 0.7457209825515747}, "1": {"dice_loss": 0.706289142370224, "iou_score": 0.6865801811218262}}, "6": {"0": {"dice_loss": 0.792430579662323, "iou_score": 0.6290140748023987}, "1": {"dice_loss": 0.7918977737426758, "iou_score": 0.8191805481910706}}, "7": {"0": {"dice_loss": 0.6843222379684448, "iou_score": 0.6717058420181274}, "1": {"dice_loss": 0.6771547794342041, "iou_score": 0.6378778517246246}}, "8": {"0": {"dice_loss": 0.691419780254364, "iou_score": 0.7825519442558289}, "1": {"dice_loss": 0.7002290487289429, "iou_score": 0.7384826242923737}}}}