{"0": {"1": {"0": {"dice_loss": 0.9474796056747437, "iou_score": 0.027687023393809795}, "1": {"dice_loss": 0.9552392065525055, "iou_score": 0.021328545175492764}}, "2": {"0": {"dice_loss": 0.9992273449897766, "iou_score": 0.0003684719852567051}, "1": {"dice_loss": 0.9765729606151581, "iou_score": 0.010017471737228334}}, "3": {"0": {"dice_loss": 0.93683260679245, "iou_score": 0.026970594190061092}, "1": {"dice_loss": 0.9262552261352539, "iou_score": 0.03043491765856743}}, "4": {"0": {"dice_loss": 0.9729351699352264, "iou_score": 0.010646138311130926}, "1": {"dice_loss": 0.9785870313644409, "iou_score": 0.008556887507734834}}, "5": {"0": {"dice_loss": 0.8765242695808411, "iou_score": 0.05605108477175236}, "1": {"dice_loss": 0.9147346913814545, "iou_score": 0.04103493317961693}}, "6": {"0": {"dice_loss": 0.9904444217681885, "iou_score": 0.004158628813456744}, "1": {"dice_loss": 0.9999913573265076, "iou_score": 7.729852456901665e-13}}, "7": {"0": {"dice_loss": 0.9823858141899109, "iou_score": 0.008028088137909539}, "1": {"dice_loss": 0.9432279169559479, "iou_score": 0.02682129165623337}}, "8": {"0": {"dice_loss": 0.9827592372894287, "iou_score": 0.008345011156052351}, "1": {"dice_loss": 0.8649641573429108, "iou_score": 0.07833875715732574}}}, "1": {"1": {"0": {"dice_loss": 0.8951438367366791, "iou_score": 0.059386735782027245}, "1": {"dice_loss": 0.9868977963924408, "iou_score": 0.00620361533947289}}, "2": {"0": {"dice_loss": 0.9635875225067139, "iou_score": 0.019882480148226023}, "1": {"dice_loss": 0.9968461394309998, "iou_score": 0.0018193655420462931}}, "3": {"0": {"dice_loss": 0.9322681427001953, "iou_score": 0.04663467931095511}, "1": {"dice_loss": 0.9684627056121826, "iou_score": 0.02161270659416914}}, "4": {"0": {"dice_loss": 0.9820927083492279, "iou_score": 0.010837578215328766}, "1": {"dice_loss": 0.9898104965686798, "iou_score": 0.006600456312862339}}, "5": {"0": {"dice_loss": 0.8772432804107666, "iou_score": 0.08458099886775017}, "1": {"dice_loss": 0.874642938375473, "iou_score": 0.0858357809484005}}, "6": {"0": {"dice_loss": 0.9999893307685852, "iou_score": 1.3726479805228897e-12}, "1": {"dice_loss": 0.981829971075058, "iou_score": 0.012468155473470688}}, "7": {"0": {"dice_loss": 0.9256593883037567, "iou_score": 0.049345655366778374}, "1": {"dice_loss": 0.9000476598739624, "iou_score": 0.0744464173913002}}, "8": {"0": {"dice_loss": 0.9345358610153198, "iou_score": 0.04705212451517582}, "1": {"dice_loss": 0.9583160877227783, "iou_score": 0.027666334994137287}}}, "2": {"1": {"0": {"dice_loss": 0.9492836594581604, "iou_score": 0.039902666583657265}, "1": {"dice_loss": 0.9177999198436737, "iou_score": 0.06264404952594026}}, "2": {"0": {"dice_loss": 0.9145251214504242, "iou_score": 0.05768529511988163}, "1": {"dice_loss": 0.9717184901237488, "iou_score": 0.016728721384424716}}, "3": {"0": {"dice_loss": 0.9006164968013763, "iou_score": 0.08597101829946041}, "1": {"dice_loss": 0.9399573802947998, "iou_score": 0.044745128601789474}}, "4": {"0": {"dice_loss": 0.9327965080738068, "iou_score": 0.04808748187497258}, "1": {"dice_loss": 0.9807788133621216, "iou_score": 0.015614095144695911}}, "5": {"0": {"dice_loss": 0.9221558272838593, "iou_score": 0.0763404630124569}, "1": {"dice_loss": 0.8776291906833649, "iou_score": 0.08886190317571163}}, "6": {"0": {"dice_loss": 0.9999884366989136, "iou_score": 1.6835437666347375e-12}, "1": {"dice_loss": 0.9714824557304382, "iou_score": 0.022809338755905628}}, "7": {"0": {"dice_loss": 0.956945538520813, "iou_score": 0.03438266180455685}, "1": {"dice_loss": 0.9800902605056763, "iou_score": 0.01822811178950359}}, "8": {"0": {"dice_loss": 0.9029744267463684, "iou_score": 0.08489980176091194}, "1": {"dice_loss": 0.8748385012149811, "iou_score": 0.09861919097602367}}}, "3": {"1": {"0": {"dice_loss": 0.9393270015716553, "iou_score": 0.061888422816991806}, "1": {"dice_loss": 0.8764017224311829, "iou_score": 0.13608713820576668}}, "2": {"0": {"dice_loss": 0.9713877737522125, "iou_score": 0.021632695571480842}, "1": {"dice_loss": 0.9806832671165466, "iou_score": 0.017540810840728227}}, "3": {"0": {"dice_loss": 0.9376887679100037, "iou_score": 0.07107903901487589}, "1": {"dice_loss": 0.8934945166110992, "iou_score": 0.1253412663936615}}, "4": {"0": {"dice_loss": 0.9675663709640503, "iou_score": 0.046539910138999}, "1": {"dice_loss": 0.9626872837543488, "iou_score": 0.04424269456649199}}, "5": {"0": {"dice_loss": 0.8057394921779633, "iou_score": 0.23341871052980423}, "1": {"dice_loss": 0.8417993783950806, "iou_score": 0.18861118145287037}}, "6": {"0": {"dice_loss": 0.9998722970485687, "iou_score": 8.93303815722691e-05}, "1": {"dice_loss": 0.9702543318271637, "iou_score": 0.04768421966582537}}, "7": {"0": {"dice_loss": 0.930097371339798, "iou_score": 0.10372314602136612}, "1": {"dice_loss": 0.9772385358810425, "iou_score": 0.03707138076521943}}, "8": {"0": {"dice_loss": 0.89600670337677, "iou_score": 0.1713854158297181}, "1": {"dice_loss": 0.9663718938827515, "iou_score": 0.06641837497591041}}}, "4": {"1": {"0": {"dice_loss": 0.9075147211551666, "iou_score": 0.19268029928207397}, "1": {"dice_loss": 0.9345738589763641, "iou_score": 0.0945815145983722}}, "2": {"0": {"dice_loss": 0.9629492461681366, "iou_score": 0.05584658635780215}, "1": {"dice_loss": 0.9652470946311951, "iou_score": 0.0849963501117195}}, "3": {"0": {"dice_loss": 0.9097771942615509, "iou_score": 0.20687075704336166}, "1": {"dice_loss": 0.916149765253067, "iou_score": 0.18718182668089867}}, "4": {"0": {"dice_loss": 0.9593875408172607, "iou_score": 0.12858045240864158}, "1": {"dice_loss": 0.9591944217681885, "iou_score": 0.13979968859348446}}, "5": {"0": {"dice_loss": 0.8689367175102234, "iou_score": 0.37237851321697235}, "1": {"dice_loss": 0.8487184941768646, "iou_score": 0.4801151901483536}}, "6": {"0": {"dice_loss": 0.9938917458057404, "iou_score": 0.01651865058182159}, "1": {"dice_loss": 0.9727428555488586, "iou_score": 0.08626863919198513}}, "7": {"0": {"dice_loss": 0.926330953836441, "iou_score": 0.2570054233074188}, "1": {"dice_loss": 0.9240221381187439, "iou_score": 0.31110233068466187}}, "8": {"0": {"dice_loss": 0.9813403487205505, "iou_score": 0.07512826402671635}, "1": {"dice_loss": 0.9558582305908203, "iou_score": 0.2025991603732109}}}}