{"0": {"dice_loss": 0.7824313847512163, "iou_score": 0.37225321219867685}}