{"0": {"dice_loss": 0.7795489132404327, "iou_score": 0.5891672819852829}, "1": {"dice_loss": 0.745115339756012, "iou_score": 0.6006672382354736}}