{"0": {"dice_loss": 0.9097771942615509, "iou_score": 0.20687075704336166}, "1": {"dice_loss": 0.916149765253067, "iou_score": 0.18718182668089867}}