{"0": {"dice_loss": 0.38416334280842235, "iou_score": 0.5569364989779872}, "1": {"dice_loss": 0.3544208060361836, "iou_score": 0.5707607006342096}, "2": {"dice_loss": 0.35896136729340805, "iou_score": 0.5669109928171868}, "3": {"dice_loss": 0.37407126258078377, "iou_score": 0.556654761038816}, "4": {"dice_loss": 0.3613051478015749, "iou_score": 0.5904614204861803}}