{"0": {"dice_loss": 0.2764307286002136, "iou_score": 0.6423652644053438, "accuracy": 0.993757383603799, "precision": 0.7708920949793009, "fscore": 0.7216061674185817, "recall": 0.8165958417440483}, "1": {"dice_loss": 0.2969397206447626, "iou_score": 0.6269004977210825, "accuracy": 0.9940297287937843, "precision": 0.7224421083807022, "fscore": 0.702633898124458, "recall": 0.8553822340932656}, "2": {"dice_loss": 0.2383221687847063, "iou_score": 0.6888009764561173, "accuracy": 0.9940409895620849, "precision": 0.8182526243320283, "fscore": 0.7638575390116794, "recall": 0.8324144245942138}}