{"0": {"dice_loss": 0.3345961839352782, "iou_score": 0.5832045404497, "accuracy": 0.9924182723227302, "precision": 0.7925390664778738, "fscore": 0.6648454806521489, "recall": 0.7245651835777908}, "1": {"dice_loss": 0.31875343522743194, "iou_score": 0.6014190017316595, "accuracy": 0.992706469995411, "precision": 0.7282809487662835, "fscore": 0.6806844119470076, "recall": 0.8106077493360054}, "2": {"dice_loss": 0.3270415191195516, "iou_score": 0.6035210753859868, "accuracy": 0.9930921343988496, "precision": 0.736667790902384, "fscore": 0.6753653957871444, "recall": 0.7950341372272198}}