{"0": {"dice_loss": 0.17062177049870383, "iou_score": 0.7186020115200357, "accuracy": 0.9464589469286863, "precision": 0.8805666621850463, "fscore": 0.8295109555429341, "recall": 0.792866342894885}}