{
    "0": {
        "dice_loss": 0.17062177049870383,
        "iou_score": 0.7186020115200357,
        "accuracy": 0.9464589469286863,
        "precision": 0.8805666621850463,
        "fscore": 0.8295109555429341,
        "recall": 0.792866342894885
    },
    "1": {
        "dice_loss": 0.15845386252111315,
        "iou_score": 0.7375711685844831,
        "accuracy": 0.9504024182047164,
        "precision": 0.8793242554275353,
        "fscore": 0.8416137753700718,
        "recall": 0.81917166600422
    },
    "2": {
        "dice_loss": 0.14928293690389519,
        "iou_score": 0.7497241029934004,
        "accuracy": 0.9518111533048204,
        "precision": 0.8726593659848583,
        "fscore": 0.8507749006456258,
        "recall": 0.8392319488890315
    },
    "3": {
        "dice_loss": 0.15612025723165399,
        "iou_score": 0.7417923314230779,
        "accuracy": 0.9515460243030478,
        "precision": 0.8843583148352956,
        "fscore": 0.8439281258656048,
        "recall": 0.8196593980704037
    },
    "4": {
        "dice_loss": 0.14771863489734888,
        "iou_score": 0.7535513821609164,
        "accuracy": 0.9532073641309932,
        "precision": 0.871515232932811,
        "fscore": 0.852315115989471,
        "recall": 0.8455571369248993
    },
    "5": {
        "dice_loss": 0.14814394542149129,
        "iou_score": 0.7526143226696521,
        "accuracy": 0.9533570725090648,
        "precision": 0.8668613326792814,
        "fscore": 0.8518864507577856,
        "recall": 0.8489353458492127
    },
    "6": {
        "dice_loss": 0.1435746287812993,
        "iou_score": 0.7585476717778618,
        "accuracy": 0.9542671702346022,
        "precision": 0.8752205911947758,
        "fscore": 0.8564522680579401,
        "recall": 0.8481074158026252
    },
    "7": {
        "dice_loss": 0.1461817215900031,
        "iou_score": 0.754615411071145,
        "accuracy": 0.9544221019258307,
        "precision": 0.8823796960772301,
        "fscore": 0.8538477436620363,
        "recall": 0.8369148225808631
    },
    "8": {
        "dice_loss": 0.14166947700539417,
        "iou_score": 0.762261343428067,
        "accuracy": 0.9555703618088549,
        "precision": 0.8756611203660769,
        "fscore": 0.8583523302662128,
        "recall": 0.8535774042411727
    },
    "9": {
        "dice_loss": 0.14361891697864132,
        "iou_score": 0.7598833613857929,
        "accuracy": 0.9555976373808729,
        "precision": 0.8806349929498168,
        "fscore": 0.8564039839773764,
        "recall": 0.8450492432531044
    }
}