{"0": {"1": {"0": {"dice_loss": 0.20194404103137828, "iou_score": 0.7563161364308111, "accuracy": 0.94920931480549, "precision": 0.8329580260647665, "fscore": 0.8599716038615614, "recall": 0.8902514267850806}, "1": {"dice_loss": 0.14665650769516275, "iou_score": 0.7748275917989234, "accuracy": 0.9547386081130419, "precision": 0.8699803992553996, "fscore": 0.8717698785993789, "recall": 0.8750502279511203}, "2": {"dice_loss": 0.1309144695599874, "iou_score": 0.7854200281478741, "accuracy": 0.9567776521046956, "precision": 0.8691129706524037, "fscore": 0.8784237007300059, "recall": 0.8890852641176297}, "3": {"dice_loss": 0.12963826016143515, "iou_score": 0.7817407040684311, "accuracy": 0.9568143122726016, "precision": 0.8834701754428723, "fscore": 0.8760804202821519, "recall": 0.8702260156472522}, "4": {"dice_loss": 0.12182068272873209, "iou_score": 0.7907016034479493, "accuracy": 0.958579871389601, "precision": 0.8841321335898504, "fscore": 0.8817405181902428, "recall": 0.8804647006370401}}, "2": {"0": {"dice_loss": 0.1658106163928383, "iou_score": 0.7181951644127829, "accuracy": 0.9210206447986133, "precision": 0.8242885700443336, "fscore": 0.8346347076851024, "recall": 0.84990489169171}, "1": {"dice_loss": 0.17049504372111532, "iou_score": 0.7112094843596745, "accuracy": 0.9215751217122661, "precision": 0.8465881138517146, "fscore": 0.8297870932963856, "recall": 0.8180978862862835}, "2": {"dice_loss": 0.16404997779611957, "iou_score": 0.7204015715080391, "accuracy": 0.9233872221227278, "precision": 0.8400532059502185, "fscore": 0.8361885422154478, "recall": 0.8362835342423961}, "3": {"dice_loss": 0.15772546487942077, "iou_score": 0.7299372041434572, "accuracy": 0.9261414962902405, "precision": 0.8387634994690878, "fscore": 0.8424888932914065, "recall": 0.8507360188584578}, "4": {"dice_loss": 0.1590406685544734, "iou_score": 0.7279047202645685, "accuracy": 0.9253968690571034, "precision": 0.8360482161505183, "fscore": 0.8410976361810115, "recall": 0.8503553595459252}}, "3": {"0": {"dice_loss": 0.23047207261240754, "iou_score": 0.6438100466201471, "accuracy": 0.985073415345924, "precision": 0.8240120923796366, "fscore": 0.7703703988430112, "recall": 0.7372152694436007}, "1": {"dice_loss": 0.22514185101486917, "iou_score": 0.651434742780619, "accuracy": 0.9856977171676103, "precision": 0.8470190652581149, "fscore": 0.7753722937994225, "recall": 0.7326262111580648}, "2": {"dice_loss": 0.22054153403570484, "iou_score": 0.6560512330642967, "accuracy": 0.9855420963708744, "precision": 0.8215742083482965, "fscore": 0.7798741945000582, "recall": 0.7589516570401746}, "3": {"dice_loss": 0.22026748435441842, "iou_score": 0.6559577643178229, "accuracy": 0.9852860154107561, "precision": 0.8196290537368423, "fscore": 0.7800093771413315, "recall": 0.7566251903772354}, "4": {"dice_loss": 0.22151354163192039, "iou_score": 0.6537185065275014, "accuracy": 0.9852523318556852, "precision": 0.8042178750038147, "fscore": 0.7787270504374837, "recall": 0.7720555479443351}}, "4": {"0": {"dice_loss": 0.11223863727516599, "iou_score": 0.8000116729074054, "accuracy": 0.9850422276390923, "precision": 0.8973122288783391, "fscore": 0.8879608992073273, "recall": 0.8803817066881391}, "1": {"dice_loss": 0.11409242616759405, "iou_score": 0.7977594484885533, "accuracy": 0.9846108456452686, "precision": 0.8839838372336493, "fscore": 0.8860723425944647, "recall": 0.8891884204414154}, "2": {"dice_loss": 0.10940250423219469, "iou_score": 0.8048316538333893, "accuracy": 0.9854138543208439, "precision": 0.9026345312595371, "fscore": 0.8907852255635792, "recall": 0.8800194478697246}, "3": {"dice_loss": 0.10299524996015758, "iou_score": 0.8147489892111885, "accuracy": 0.9861795802911124, "precision": 0.9073091828160815, "fscore": 0.8971696264213985, "recall": 0.8880964285797543}, "4": {"dice_loss": 0.10525872310002644, "iou_score": 0.8113539020220437, "accuracy": 0.9859842028882768, "precision": 0.9107384532690048, "fscore": 0.8949019478427037, "recall": 0.8801603929864034}}, "5": {"0": {"dice_loss": 0.10006544526134216, "iou_score": 0.8197148899946893, "accuracy": 0.923735201358795, "precision": 0.9013143426605632, "fscore": 0.9001104714615003, "recall": 0.8998394917164528}, "1": {"dice_loss": 0.09940327597515922, "iou_score": 0.8206548488565854, "accuracy": 0.923850684293679, "precision": 0.8872816051755631, "fscore": 0.9006876775196619, "recall": 0.9158533321959631}, "2": {"dice_loss": 0.09459923527070453, "iou_score": 0.8288748924221313, "accuracy": 0.9281169867941311, "precision": 0.901017709502152, "fscore": 0.9055095091462136, "recall": 0.9108268927250591}, "3": {"dice_loss": 0.09120537021330424, "iou_score": 0.8342658228107862, "accuracy": 0.929981306195259, "precision": 0.8978335623230255, "fscore": 0.9088838994503018, "recall": 0.9207534790039062}, "4": {"dice_loss": 0.09171750290053235, "iou_score": 0.8332398555108478, "accuracy": 0.931200667151383, "precision": 0.9200836856450353, "fscore": 0.9083905901227677, "recall": 0.8974642742957389}}}}