{"0": {"1": {"0": {"dice_loss": 0.3861403194340794, "iou_score": 0.6091138343294187, "accuracy": 0.9026750902751661, "precision": 0.6710789004961657, "fscore": 0.7473688199595141, "recall": 0.8751604381974761}, "1": {"dice_loss": 0.1907336010243786, "iou_score": 0.7346938023200408, "accuracy": 0.9527385123681907, "precision": 0.8307543145470964, "fscore": 0.8464783114708948, "recall": 0.8660054641725856}, "2": {"dice_loss": 0.15563803827845968, "iou_score": 0.7534640960760054, "accuracy": 0.9572381448078822, "precision": 0.8526975730638129, "fscore": 0.8588712989311399, "recall": 0.8676156414138686}, "3": {"dice_loss": 0.1431316913980427, "iou_score": 0.7621380021244208, "accuracy": 0.9589980794833249, "precision": 0.8619583360242952, "fscore": 0.8645538562661287, "recall": 0.8689437910115515}, "4": {"dice_loss": 0.13623208891261715, "iou_score": 0.7682124255420445, "accuracy": 0.9603854366393632, "precision": 0.8656569760996146, "fscore": 0.8684601721230094, "recall": 0.8725373071112547}}, "2": {"0": {"dice_loss": 0.17575143523268638, "iou_score": 0.7039746905421156, "accuracy": 0.9161661879046933, "precision": 0.8179881484953914, "fscore": 0.825135625063718, "recall": 0.8360015588802296}, "1": {"dice_loss": 0.1526164388918614, "iou_score": 0.7369685913180258, "accuracy": 0.9270054294512824, "precision": 0.8407720700725093, "fscore": 0.8478237563437157, "recall": 0.8574728428662483}, "2": {"dice_loss": 0.14799672365188601, "iou_score": 0.7437055847147008, "accuracy": 0.928814435660184, "precision": 0.8422353283389575, "fscore": 0.8523243490156243, "recall": 0.8650524089624585}, "3": {"dice_loss": 0.14081952532569172, "iou_score": 0.7546295669052631, "accuracy": 0.9323939497654251, "precision": 0.8514726523514634, "fscore": 0.8594416277749203, "recall": 0.8693596122029068}, "4": {"dice_loss": 0.1398358246782323, "iou_score": 0.7559780402497926, "accuracy": 0.9332992809159412, "precision": 0.8543867437394117, "fscore": 0.8603815132445033, "recall": 0.8685981094182192}}, "3": {"0": {"dice_loss": 0.2247207445359369, "iou_score": 0.6377545620440047, "accuracy": 0.9709066398311074, "precision": 0.7743473189790347, "fscore": 0.7761678124903238, "recall": 0.7836581295170977}, "1": {"dice_loss": 0.19935134715504124, "iou_score": 0.6700621432902518, "accuracy": 0.9743471929901522, "precision": 0.8020861335316599, "fscore": 0.8010216099128392, "recall": 0.8026145661783498}, "2": {"dice_loss": 0.19695050099439784, "iou_score": 0.6732589863894282, "accuracy": 0.9745727542199581, "precision": 0.801401446350136, "fscore": 0.8033533831785994, "recall": 0.8078773107096475}, "3": {"dice_loss": 0.19508865057376396, "iou_score": 0.6760281448127233, "accuracy": 0.9751460635871214, "precision": 0.8058346536075858, "fscore": 0.8051375718841773, "recall": 0.8070358176503263}, "4": {"dice_loss": 0.18936080298228566, "iou_score": 0.6840212421807628, "accuracy": 0.9755677617432782, "precision": 0.8079903725295043, "fscore": 0.810833295186361, "recall": 0.8160581128639094}}, "4": {"0": {"dice_loss": 0.14913994574046632, "iou_score": 0.7418847425834283, "accuracy": 0.9715265875512907, "precision": 0.8491334827629842, "fscore": 0.8510201517101765, "recall": 0.8556015318507089}, "1": {"dice_loss": 0.13625448837980536, "iou_score": 0.761538409478181, "accuracy": 0.973658787829059, "precision": 0.8618040280742247, "fscore": 0.8638873281595592, "recall": 0.8682818842100931}, "2": {"dice_loss": 0.13426699942642162, "iou_score": 0.764693066165164, "accuracy": 0.9742311872802413, "precision": 0.8608487121291928, "fscore": 0.8658707231491594, "recall": 0.8732902827587996}, "3": {"dice_loss": 0.12763435419622848, "iou_score": 0.7748713395395478, "accuracy": 0.9756013507192784, "precision": 0.8686877993436967, "fscore": 0.872500276440507, "recall": 0.8778746967965909}, "4": {"dice_loss": 0.13078333739634154, "iou_score": 0.7702428771482484, "accuracy": 0.9748476637410124, "precision": 0.8641831212110455, "fscore": 0.8693375937588568, "recall": 0.8769808982635714}}, "5": {"0": {"dice_loss": 0.130686111067876, "iou_score": 0.7699430473397723, "accuracy": 0.9280733490043334, "precision": 0.8554492452096836, "fscore": 0.869473074220602, "recall": 0.8860723576726265}, "1": {"dice_loss": 0.11756041493341508, "iou_score": 0.7903053834868425, "accuracy": 0.9357210595517484, "precision": 0.868395789030666, "fscore": 0.8825727515337459, "recall": 0.8980826650536669}, "2": {"dice_loss": 0.11164739031037667, "iou_score": 0.7998178792424617, "accuracy": 0.9393638158694141, "precision": 0.8775923557430175, "fscore": 0.888466157334419, "recall": 0.9004878137584251}, "3": {"dice_loss": 0.10664417642793048, "iou_score": 0.8078455290443912, "accuracy": 0.94214172525236, "precision": 0.8831670424985991, "fscore": 0.89345554665627, "recall": 0.9047132458346985}, "4": {"dice_loss": 0.10351286858386613, "iou_score": 0.8129081516329586, "accuracy": 0.9438405696692602, "precision": 0.8874892417200431, "fscore": 0.8965836941266644, "recall": 0.9064577714372056}}}}