{"0": {"dice_loss": 0.220299837467945, "iou_score": 0.7149167320186208, "accuracy": 0.992096123705922, "precision": 0.8348502679326174, "fscore": 0.7789093293090904, "recall": 0.8526322017954717}, "1": {"dice_loss": 0.2011468616207089, "iou_score": 0.7373795493573234, "accuracy": 0.9923363753915886, "precision": 0.8500394050486033, "fscore": 0.7968187684713897, "recall": 0.8511892694116036}, "2": {"dice_loss": 0.1939035175384674, "iou_score": 0.7378445178781449, "accuracy": 0.990874511741959, "precision": 0.8797165336569309, "fscore": 0.8047823021448108, "recall": 0.8314800667243907}}