{"0": {"dice_loss": 0.07651813720401965, "iou_score": 0.8597564383556966, "accuracy": 0.9965761884262687, "precision": 0.9351260364055634, "fscore": 0.9235830667771792, "recall": 0.9142384497742903}, "1": {"dice_loss": 0.07269424200057982, "iou_score": 0.8691322293720748, "accuracy": 0.9967678346131976, "precision": 0.9300695132268103, "fscore": 0.9273875936081535, "recall": 0.9303980955952093}, "2": {"dice_loss": 0.07497393143804448, "iou_score": 0.862559913020385, "accuracy": 0.9966710554926018, "precision": 0.9424362904147098, "fscore": 0.9251122113905456, "recall": 0.9117640037285655}, "3": {"dice_loss": 0.06435702505864599, "iou_score": 0.8800440226730547, "accuracy": 0.9970753945802391, "precision": 0.9384275941472304, "fscore": 0.9357364601210546, "recall": 0.9345495716521613}, "4": {"dice_loss": 0.062432345591093355, "iou_score": 0.884539721827758, "accuracy": 0.9973748765493694, "precision": 0.9434168574057128, "fscore": 0.9376310721824044, "recall": 0.9339530154278401}}