{"0": {"dice_loss": 0.9386850297451019, "iou_score": 0.14275814593288252}, "1": {"dice_loss": 0.7971674501895905, "iou_score": 0.38184177875813247}}