{"0": {"dice_loss": 0.9593875408172607, "iou_score": 0.12858045240864158}, "1": {"dice_loss": 0.9591944217681885, "iou_score": 0.13979968859348446}}