{"0": {"dice_loss": 0.21512915478142325, "iou_score": 0.7184447591807394, "accuracy": 0.9950366682347614, "precision": 0.8185776130381953, "fscore": 0.7822765471647605, "recall": 0.8599470301581631}, "1": {"dice_loss": 0.18760570767788573, "iou_score": 0.7447231286481353, "accuracy": 0.9950680061305079, "precision": 0.8456269252392459, "fscore": 0.8115487320613632, "recall": 0.8663759705015204}, "2": {"dice_loss": 0.1973497460556401, "iou_score": 0.7349893589120083, "accuracy": 0.9942131643165407, "precision": 0.8674419375932532, "fscore": 0.8011785842293613, "recall": 0.8406615052669637}}