{"0": {"dice_loss": 0.25764237141330926, "iou_score": 0.6739361077794315, "accuracy": 0.9941055616979935, "precision": 0.793409976033111, "fscore": 0.7430265943379273, "recall": 0.8373752869036641}, "1": {"dice_loss": 0.21987079692721803, "iou_score": 0.7060545691734611, "accuracy": 0.9936520306516715, "precision": 0.8610317107657236, "fscore": 0.7792256359967489, "recall": 0.8092612316441155}, "2": {"dice_loss": 0.2861738487904175, "iou_score": 0.6360597116937303, "accuracy": 0.9915738527876863, "precision": 0.9178904295664334, "fscore": 0.7138650010826733, "recall": 0.6869331524819716}}