{"0": {"dice_loss": 0.7775881303191652, "iou_score": 0.36956662211413277}, "1": {"dice_loss": 0.44226281918904153, "iou_score": 0.5750139600952813}, "2": {"dice_loss": 0.344291814918184, "iou_score": 0.6114899395531156}, "3": {"dice_loss": 0.30839772864538423, "iou_score": 0.6374013246996824}, "4": {"dice_loss": 0.3146988110551575, "iou_score": 0.6194961831270517}}