{"0": {"dice_loss": 0.7554729580879211, "iou_score": 0.6811454594135284}, "1": {"dice_loss": 0.7100118100643158, "iou_score": 0.6632457077503204}}