{"0": {"dice_loss": 0.9075147211551666, "iou_score": 0.19268029928207397}, "1": {"dice_loss": 0.9345738589763641, "iou_score": 0.0945815145983722}}