{"0": {"dice_loss": 0.9862500727176666, "iou_score": 0.02974527516054889}, "1": {"dice_loss": 0.8944461941719055, "iou_score": 0.2930912896990776}}