{"0": {"dice_loss": 0.9938917458057404, "iou_score": 0.01651865058182159}, "1": {"dice_loss": 0.9727428555488586, "iou_score": 0.08626863919198513}}