{"0": {"dice_loss": 0.12013358250260356, "iou_score": 0.8100352628777426, "accuracy": 0.9960304295023279, "precision": 0.9035959596435228, "fscore": 0.8914389029145241, "recall": 0.8895808010051643}, "1": {"dice_loss": 0.10205781236290937, "iou_score": 0.8298802457128965, "accuracy": 0.9963883027434344, "precision": 0.9145396046961347, "fscore": 0.9029679041355847, "recall": 0.901482321321964}, "2": {"dice_loss": 0.08843929693102837, "iou_score": 0.8466022342443466, "accuracy": 0.9968564872940382, "precision": 0.9258940880497296, "fscore": 0.9146384144822759, "recall": 0.9092337317764755}, "3": {"dice_loss": 0.08433380946516993, "iou_score": 0.8526365132381516, "accuracy": 0.996925446142753, "precision": 0.9264166860530769, "fscore": 0.9176819083591302, "recall": 0.9149027972171699}, "4": {"dice_loss": 0.07970188582936921, "iou_score": 0.8590689877669024, "accuracy": 0.9970690506199993, "precision": 0.927941510826349, "fscore": 0.9218315613766516, "recall": 0.9206952945639685}}