{"0": {"dice_loss": 0.11431850170095757, "iou_score": 0.8179186274607976, "accuracy": 0.9961144256095094, "precision": 0.9085491235057513, "fscore": 0.8967978172004226, "recall": 0.8932616767783963}}