{"0": {"dice_loss": 0.2649223444018912, "iou_score": 0.656273193770082, "accuracy": 0.9945458878170362, "precision": 0.825386249862409, "fscore": 0.7344720723450219, "recall": 0.781337042756914}, "1": {"dice_loss": 0.2501269726178393, "iou_score": 0.6710575505446558, "accuracy": 0.9948437314024089, "precision": 0.8300953487274464, "fscore": 0.7503818895052675, "recall": 0.8042646113294972}, "2": {"dice_loss": 0.22496959025209592, "iou_score": 0.6980289606765583, "accuracy": 0.9949811740590652, "precision": 0.8365485722303572, "fscore": 0.7751541291446109, "recall": 0.8237488857777013}}