{"0": {"dice_loss": 0.28773967962962377, "iou_score": 0.6277989968152865}, "1": {"dice_loss": 0.28732694396859554, "iou_score": 0.6299578643862369}, "2": {"dice_loss": 0.28926187388510566, "iou_score": 0.6273319464674031}, "3": {"dice_loss": 0.24261900299622605, "iou_score": 0.6740921266452388}, "4": {"dice_loss": 0.2429501881948101, "iou_score": 0.6733993921271375}}